date,province,amphoe,tambon,pm25_avg,temperature_avg
2026-01-01,ลำพูน,เมือง,ศรีภูมิ,59.98,35.08
2026-01-01,เชียงราย,พาน,ทรายขาว,58.5,32.85
2026-01-01,เชียงราย,เมือง,สุเทพ,13.82,30.59
2026-01-01,เชียงใหม่,สารภี,ยางเนิ้ง,30.85,29.65
2026-01-01,เชียงใหม่,สารภี,หนองผึ้ง,36.65,35.19
2026-01-01,เชียงใหม่,เมือง,ศรีภูมิ,58.27,34.94
2026-01-01,แม่ฮ่องสอน,ปาย,เวียงใต้,112.81,30.78
2026-01-01,แม่ฮ่องสอน,เมือง,ศรีภูมิ,73.82,29.82
2026-01-10,ลำพูน,เมือง,ช้างเผือก,48.87,31.91
2026-01-10,ลำพูน,เมือง,สุเทพ,110.08,34.51
2026-01-10,เชียงราย,แม่สาย,เวียงพางคำ,67.71,39.54
2026-01-10,เชียงราย,แม่สาย,โป่งผา,39.22,33.57
2026-01-10,เชียงใหม่,สารภี,หนองผึ้ง,23.05,32.67
2026-01-10,เชียงใหม่,เมือง,ช้างเผือก,28.17,35.77
2026-01-10,แม่ฮ่องสอน,ปาย,เวียงใต้,114.62,37.03
2026-01-10,แม่ฮ่องสอน,ปาย,แม่ฮี้,70.62,35.52
2026-01-10,แม่ฮ่องสอน,เมือง,ช้างเผือก,91.37,31.09
2026-01-11,เชียงราย,พาน,ทรายขาว,79.18,29.9
2026-01-11,เชียงใหม่,แม่ริม,ดอนแก้ว,46.62,38.9
2026-01-11,แม่ฮ่องสอน,ปาย,เวียงใต้,34.21,39.4
2026-01-11,แม่ฮ่องสอน,เมือง,ช้างเผือก,118.82,28.41
2026-01-12,ลำพูน,ป่าซาง,น้ำดิบ,79.22,32.62
2026-01-12,ลำพูน,ป่าซาง,มะกอก,117.99,30.8
2026-01-12,ลำพูน,ลี้,ลี้,89.48,34.18
2026-01-12,ลำพูน,ลี้,ศรีวิชัย,61.87,34.33
2026-01-12,ลำพูน,เมือง,ศรีภูมิ,91.23,26.21
2026-01-12,เชียงราย,พาน,ม่วงคำ,98.8,34.71
2026-01-12,เชียงใหม่,หางดง,หนองควาย,79.0,27.78
2026-01-12,เชียงใหม่,เมือง,ศรีภูมิ,30.95,26.12
2026-01-12,แม่ฮ่องสอน,ปาย,เวียงใต้,21.68,25.97
2026-01-12,แม่ฮ่องสอน,เมือง,ช้างเผือก,17.6,33.06
2026-01-12,แม่ฮ่องสอน,เมือง,สุเทพ,42.02,33.76
2026-01-13,ลำพูน,ป่าซาง,มะกอก,105.07,30.64
2026-01-13,เชียงราย,เมือง,สุเทพ,86.82,32.48
2026-01-13,เชียงใหม่,หางดง,หนองควาย,69.34,30.56
2026-01-13,เชียงใหม่,เมือง,สุเทพ,114.37,32.51
2026-01-13,เชียงใหม่,แม่ริม,ริมใต้,70.31,33.01
2026-01-13,แม่ฮ่องสอน,ปาย,แม่ฮี้,86.7,35.12
2026-01-14,ลำพูน,ลี้,ศรีวิชัย,63.34,31.66
2026-01-14,ลำพูน,เมือง,ช้างเผือก,119.51,25.02
2026-01-14,ลำพูน,เมือง,ศรีภูมิ,62.32,36.44
2026-01-14,เชียงราย,พาน,ทรายขาว,92.74,30.29
2026-01-14,เชียงราย,เมือง,ช้างเผือก,75.21,39.95
2026-01-14,เชียงราย,เมือง,สุเทพ,90.41,28.86
2026-01-14,เชียงใหม่,สารภี,หนองผึ้ง,41.78,39.45
2026-01-14,เชียงใหม่,หางดง,หนองควาย,55.29,29.93
2026-01-14,เชียงใหม่,เมือง,สุเทพ,91.44,31.57
2026-01-14,แม่ฮ่องสอน,ปาย,เวียงใต้,30.86,30.3
2026-01-14,แม่ฮ่องสอน,เมือง,ศรีภูมิ,44.23,28.06
2026-01-14,แม่ฮ่องสอน,เมือง,สุเทพ,104.36,32.99
2026-01-15,เชียงราย,เมือง,สุเทพ,91.46,26.74
2026-01-15,เชียงราย,แม่สาย,โป่งผา,90.94,36.22
2026-01-15,เชียงใหม่,เมือง,ช้างเผือก,47.13,32.96
2026-01-15,แม่ฮ่องสอน,ปาย,เวียงใต้,28.62,25.27
2026-01-15,แม่ฮ่องสอน,เมือง,ช้างเผือก,34.0,30.35
2026-01-15,แม่ฮ่องสอน,เมือง,ศรีภูมิ,100.02,39.56
2026-01-16,ลำพูน,ป่าซาง,น้ำดิบ,115.39,27.76
2026-01-16,ลำพูน,ลี้,ลี้,43.82,31.37
2026-01-16,ลำพูน,เมือง,สุเทพ,93.63,25.2
2026-01-16,เชียงราย,เมือง,ช้างเผือก,79.69,30.58
2026-01-16,เชียงราย,แม่สาย,เวียงพางคำ,83.9,37.92
2026-01-16,แม่ฮ่องสอน,ปาย,แม่ฮี้,14.6,33.68
2026-01-16,แม่ฮ่องสอน,เมือง,สุเทพ,104.8,35.86
2026-01-17,ลำพูน,เมือง,ศรีภูมิ,88.92,37.14
2026-01-17,ลำพูน,เมือง,สุเทพ,81.06,33.95
2026-01-17,เชียงราย,พาน,ทรายขาว,92.65,31.46
2026-01-17,เชียงราย,พาน,ม่วงคำ,99.81,25.68
2026-01-17,เชียงราย,เมือง,สุเทพ,44.05,33.17
2026-01-17,เชียงราย,แม่สาย,โป่งผา,71.82,36.14
2026-01-17,เชียงใหม่,หางดง,บ้านแหวน,91.82,31.4
2026-01-17,เชียงใหม่,เมือง,ช้างเผือก,91.56,36.86
2026-01-17,แม่ฮ่องสอน,ปาย,เวียงใต้,102.32,32.28
2026-01-17,แม่ฮ่องสอน,ปาย,แม่ฮี้,74.99,34.77
2026-01-17,แม่ฮ่องสอน,เมือง,สุเทพ,13.55,29.05
2026-01-18,ลำพูน,ป่าซาง,มะกอก,25.91,29.62
2026-01-18,ลำพูน,ลี้,ลี้,103.38,36.74
2026-01-18,ลำพูน,ลี้,ศรีวิชัย,68.23,36.81
2026-01-18,ลำพูน,เมือง,ศรีภูมิ,51.09,26.52
2026-01-18,เชียงราย,แม่สาย,เวียงพางคำ,26.81,29.72
2026-01-18,เชียงราย,แม่สาย,โป่งผา,53.47,32.98
2026-01-18,เชียงใหม่,สารภี,ยางเนิ้ง,93.3,29.61
2026-01-18,เชียงใหม่,เมือง,ช้างเผือก,92.06,33.04
2026-01-18,เชียงใหม่,เมือง,สุเทพ,32.97,31.55
2026-01-18,เชียงใหม่,แม่ริม,ดอนแก้ว,72.63,30.06
2026-01-18,แม่ฮ่องสอน,เมือง,ช้างเผือก,19.06,32.36
2026-01-19,เชียงราย,พาน,ม่วงคำ,84.4,33.4
2026-01-19,เชียงราย,เมือง,ช้างเผือก,65.65,28.76
2026-01-19,เชียงราย,เมือง,สุเทพ,50.51,30.47
2026-01-19,เชียงราย,แม่สาย,โป่งผา,73.9,32.26
2026-01-19,เชียงใหม่,สารภี,หนองผึ้ง,84.4,29.63
2026-01-19,เชียงใหม่,หางดง,บ้านแหวน,55.77,38.35
2026-01-19,เชียงใหม่,เมือง,ศรีภูมิ,108.43,39.13
2026-01-19,เชียงใหม่,แม่ริม,ริมใต้,86.2,32.58
2026-01-19,แม่ฮ่องสอน,ปาย,แม่ฮี้,44.38,39.3
2026-01-19,แม่ฮ่องสอน,เมือง,ช้างเผือก,100.97,33.16
2026-01-19,แม่ฮ่องสอน,เมือง,ศรีภูมิ,117.31,35.18
2026-01-02,เชียงราย,พาน,ทรายขาว,54.9,30.61
2026-01-02,เชียงราย,แม่สาย,เวียงพางคำ,96.61,37.88
2026-01-02,เชียงราย,แม่สาย,โป่งผา,18.87,30.6
2026-01-02,เชียงใหม่,สารภี,ยางเนิ้ง,45.5,39.86
2026-01-02,เชียงใหม่,เมือง,ช้างเผือก,71.0,32.9
2026-01-02,เชียงใหม่,เมือง,ศรีภูมิ,34.55,38.38
2026-01-02,เชียงใหม่,แม่ริม,ริมใต้,26.97,34.37
2026-01-02,แม่ฮ่องสอน,ปาย,เวียงใต้,64.51,34.92
2026-01-02,แม่ฮ่องสอน,ปาย,แม่ฮี้,64.2,36.11
2026-01-02,แม่ฮ่องสอน,เมือง,ช้างเผือก,93.79,35.0
2026-01-20,ลำพูน,ป่าซาง,น้ำดิบ,27.7,39.21
2026-01-20,ลำพูน,ลี้,ลี้,18.77,29.22
2026-01-20,ลำพูน,เมือง,ศรีภูมิ,117.15,25.86
2026-01-20,ลำพูน,เมือง,สุเทพ,119.38,33.72
2026-01-20,เชียงราย,แม่สาย,โป่งผา,15.63,29.33
2026-01-20,เชียงใหม่,สารภี,หนองผึ้ง,25.9,30.75
2026-01-20,เชียงใหม่,หางดง,หนองควาย,50.95,32.32
2026-01-20,แม่ฮ่องสอน,ปาย,เวียงใต้,113.3,35.44
2026-01-20,แม่ฮ่องสอน,เมือง,ช้างเผือก,92.14,33.18
2026-01-21,ลำพูน,ลี้,ศรีวิชัย,53.87,37.33
2026-01-21,เชียงราย,พาน,ม่วงคำ,114.96,33.34
2026-01-21,เชียงราย,เมือง,ช้างเผือก,77.4,27.56
2026-01-21,เชียงราย,เมือง,สุเทพ,80.62,39.83
2026-01-21,เชียงราย,แม่สาย,เวียงพางคำ,62.49,35.76
2026-01-21,เชียงใหม่,หางดง,หนองควาย,42.35,28.48
2026-01-21,เชียงใหม่,เมือง,ศรีภูมิ,11.25,32.76
2026-01-21,เชียงใหม่,แม่ริม,ริมใต้,22.8,29.35
2026-01-21,แม่ฮ่องสอน,เมือง,ช้างเผือก,13.32,34.04
2026-01-21,แม่ฮ่องสอน,เมือง,สุเทพ,73.43,39.15
2026-01-22,เชียงราย,พาน,ทรายขาว,38.66,34.05
2026-01-22,เชียงราย,พาน,ม่วงคำ,68.11,33.05
2026-01-22,เชียงราย,เมือง,ช้างเผือก,73.29,33.47
2026-01-22,เชียงราย,เมือง,ศรีภูมิ,52.28,32.82
2026-01-22,เชียงใหม่,สารภี,ยางเนิ้ง,43.54,35.87
2026-01-22,เชียงใหม่,สารภี,หนองผึ้ง,100.97,37.26
2026-01-22,เชียงใหม่,หางดง,หนองควาย,46.91,37.32
2026-01-22,เชียงใหม่,เมือง,สุเทพ,10.52,28.28
2026-01-22,แม่ฮ่องสอน,ปาย,เวียงใต้,15.17,29.74
2026-01-23,ลำพูน,ป่าซาง,น้ำดิบ,16.51,28.48
2026-01-23,ลำพูน,เมือง,ช้างเผือก,29.07,38.47
2026-01-23,ลำพูน,เมือง,สุเทพ,84.99,34.76
2026-01-23,เชียงราย,เมือง,ช้างเผือก,29.97,32.94
2026-01-23,เชียงราย,แม่สาย,โป่งผา,35.02,29.55
2026-01-23,เชียงใหม่,สารภี,หนองผึ้ง,26.74,29.79
2026-01-23,แม่ฮ่องสอน,ปาย,เวียงใต้,48.43,34.4
2026-01-23,แม่ฮ่องสอน,ปาย,แม่ฮี้,74.7,33.0
2026-01-23,แม่ฮ่องสอน,เมือง,ศรีภูมิ,118.28,38.92
2026-01-23,แม่ฮ่องสอน,เมือง,สุเทพ,97.23,35.68
2026-01-24,ลำพูน,เมือง,ช้างเผือก,106.32,36.66
2026-01-24,ลำพูน,เมือง,ศรีภูมิ,61.84,27.96
2026-01-24,เชียงราย,เมือง,ช้างเผือก,29.48,36.68
2026-01-24,เชียงราย,เมือง,สุเทพ,68.17,25.05
2026-01-24,เชียงใหม่,สารภี,หนองผึ้ง,34.94,37.95
2026-01-24,เชียงใหม่,หางดง,บ้านแหวน,59.4,34.56
2026-01-24,เชียงใหม่,เมือง,สุเทพ,58.37,32.51
2026-01-24,แม่ฮ่องสอน,ปาย,เวียงใต้,62.21,28.27
2026-01-24,แม่ฮ่องสอน,เมือง,ศรีภูมิ,35.11,29.02
2026-01-25,ลำพูน,เมือง,สุเทพ,103.74,37.1
2026-01-25,เชียงราย,พาน,ทรายขาว,99.51,27.61
2026-01-25,เชียงราย,พาน,ม่วงคำ,115.81,34.71
2026-01-25,เชียงราย,เมือง,ช้างเผือก,36.66,26.37
2026-01-25,เชียงราย,แม่สาย,เวียงพางคำ,87.23,34.8
2026-01-25,เชียงใหม่,สารภี,ยางเนิ้ง,89.18,26.94
2026-01-25,เชียงใหม่,เมือง,สุเทพ,97.36,28.41
2026-01-25,เชียงใหม่,แม่ริม,ดอนแก้ว,25.92,38.72
2026-01-25,แม่ฮ่องสอน,เมือง,ช้างเผือก,93.98,28.89
2026-01-25,แม่ฮ่องสอน,เมือง,ศรีภูมิ,82.59,37.67
2026-01-26,ลำพูน,ป่าซาง,น้ำดิบ,94.81,29.3
2026-01-26,ลำพูน,เมือง,ช้างเผือก,75.96,35.01
2026-01-26,ลำพูน,เมือง,สุเทพ,67.45,39.62
2026-01-26,เชียงราย,พาน,ทรายขาว,44.85,27.54
2026-01-26,เชียงราย,พาน,ม่วงคำ,70.1,37.45
2026-01-26,เชียงใหม่,สารภี,หนองผึ้ง,104.58,34.44
2026-01-26,แม่ฮ่องสอน,ปาย,แม่ฮี้,22.78,27.88
2026-01-26,แม่ฮ่องสอน,เมือง,ศรีภูมิ,94.97,30.62
2026-01-26,แม่ฮ่องสอน,เมือง,สุเทพ,86.56,32.67
2026-01-27,ลำพูน,ป่าซาง,มะกอก,42.12,34.73
2026-01-27,ลำพูน,ลี้,ลี้,73.24,36.56
2026-01-27,ลำพูน,ลี้,ศรีวิชัย,64.54,31.97
2026-01-27,ลำพูน,เมือง,ช้างเผือก,29.6,25.07
2026-01-27,ลำพูน,เมือง,สุเทพ,67.52,31.64
2026-01-27,เชียงราย,พาน,ม่วงคำ,38.61,32.88
2026-01-27,เชียงราย,เมือง,สุเทพ,89.69,27.0
2026-01-27,เชียงใหม่,สารภี,หนองผึ้ง,117.22,31.28
2026-01-27,เชียงใหม่,เมือง,สุเทพ,15.12,36.94
2026-01-27,เชียงใหม่,แม่ริม,ดอนแก้ว,96.83,28.94
2026-01-27,แม่ฮ่องสอน,ปาย,เวียงใต้,24.92,38.32
2026-01-28,ลำพูน,ป่าซาง,มะกอก,27.81,35.0
2026-01-28,ลำพูน,เมือง,ช้างเผือก,105.3,27.6
2026-01-28,เชียงใหม่,สารภี,หนองผึ้ง,100.92,25.67
2026-01-28,เชียงใหม่,หางดง,บ้านแหวน,86.45,30.81
2026-01-28,เชียงใหม่,เมือง,ศรีภูมิ,76.35,30.94
2026-01-28,แม่ฮ่องสอน,เมือง,สุเทพ,80.42,31.9
2026-01-29,ลำพูน,ป่าซาง,มะกอก,71.8,32.2
2026-01-29,ลำพูน,เมือง,ศรีภูมิ,97.02,29.85
2026-01-29,ลำพูน,เมือง,สุเทพ,101.39,26.79
2026-01-29,เชียงราย,พาน,ม่วงคำ,71.98,34.02
2026-01-29,เชียงราย,เมือง,ศรีภูมิ,64.51,29.58
2026-01-29,เชียงใหม่,สารภี,ยางเนิ้ง,57.76,33.77
2026-01-29,เชียงใหม่,สารภี,หนองผึ้ง,93.42,29.2
2026-01-29,เชียงใหม่,หางดง,หนองควาย,75.42,26.99
2026-01-29,เชียงใหม่,เมือง,ช้างเผือก,108.73,37.65
2026-01-29,แม่ฮ่องสอน,ปาย,แม่ฮี้,27.52,26.02
2026-01-29,แม่ฮ่องสอน,เมือง,ช้างเผือก,45.14,27.84
2026-01-03,ลำพูน,ลี้,ลี้,22.51,32.67
2026-01-03,เชียงราย,พาน,ทรายขาว,63.53,36.22
2026-01-03,เชียงราย,พาน,ม่วงคำ,103.74,31.35
2026-01-03,เชียงราย,แม่สาย,เวียงพางคำ,98.19,26.28
2026-01-03,เชียงใหม่,เมือง,ศรีภูมิ,35.14,33.91
2026-01-03,แม่ฮ่องสอน,ปาย,เวียงใต้,102.61,35.54
2026-01-30,ลำพูน,ลี้,ลี้,25.55,27.28
2026-01-30,ลำพูน,ลี้,ศรีวิชัย,15.62,28.89
2026-01-30,เชียงราย,พาน,ทรายขาว,96.6,30.15
2026-01-30,เชียงราย,พาน,ม่วงคำ,51.69,36.5
2026-01-30,เชียงราย,แม่สาย,เวียงพางคำ,14.96,36.13
2026-01-30,เชียงใหม่,สารภี,ยางเนิ้ง,95.22,31.25
2026-01-30,เชียงใหม่,หางดง,บ้านแหวน,28.41,38.62
2026-01-30,เชียงใหม่,เมือง,ศรีภูมิ,84.62,28.74
2026-01-30,เชียงใหม่,แม่ริม,ดอนแก้ว,90.13,39.97
2026-01-30,แม่ฮ่องสอน,ปาย,แม่ฮี้,43.17,35.88
2026-01-30,แม่ฮ่องสอน,เมือง,ศรีภูมิ,78.04,33.0
2026-01-31,ลำพูน,ป่าซาง,มะกอก,81.74,32.88
2026-01-31,เชียงราย,พาน,ม่วงคำ,110.31,29.05
2026-01-31,เชียงใหม่,สารภี,ยางเนิ้ง,47.64,31.51
2026-01-04,ลำพูน,ป่าซาง,มะกอก,13.1,34.75
2026-01-04,ลำพูน,ลี้,ศรีวิชัย,117.05,25.77
2026-01-04,ลำพูน,เมือง,ศรีภูมิ,52.44,33.52
2026-01-04,เชียงราย,แม่สาย,เวียงพางคำ,10.63,39.97
2026-01-04,เชียงใหม่,สารภี,หนองผึ้ง,55.58,39.85
2026-01-04,เชียงใหม่,หางดง,บ้านแหวน,39.68,26.29
2026-01-04,เชียงใหม่,เมือง,ช้างเผือก,116.18,33.06
2026-01-04,แม่ฮ่องสอน,ปาย,แม่ฮี้,53.47,29.76
2026-01-05,ลำพูน,ลี้,ลี้,26.84,27.76
2026-01-05,ลำพูน,เมือง,ศรีภูมิ,33.08,26.94
2026-01-05,เชียงราย,พาน,ทรายขาว,41.65,35.51
2026-01-05,เชียงราย,เมือง,ศรีภูมิ,42.54,36.17
2026-01-05,เชียงราย,แม่สาย,โป่งผา,70.71,32.14
2026-01-05,เชียงใหม่,หางดง,หนองควาย,90.72,30.3
2026-01-05,แม่ฮ่องสอน,ปาย,เวียงใต้,42.26,36.78
2026-01-05,แม่ฮ่องสอน,ปาย,แม่ฮี้,48.21,31.13
2026-01-05,แม่ฮ่องสอน,เมือง,ช้างเผือก,38.03,39.63
2026-01-05,แม่ฮ่องสอน,เมือง,สุเทพ,72.79,35.0
2026-01-06,ลำพูน,ลี้,ลี้,63.8,30.0
2026-01-06,ลำพูน,เมือง,ศรีภูมิ,28.86,33.64
2026-01-06,เชียงราย,พาน,ทรายขาว,64.23,35.47
2026-01-06,เชียงราย,เมือง,สุเทพ,47.55,25.44
2026-01-06,เชียงใหม่,สารภี,ยางเนิ้ง,30.83,26.8
2026-01-06,เชียงใหม่,เมือง,ศรีภูมิ,106.81,26.99
2026-01-06,เชียงใหม่,แม่ริม,ดอนแก้ว,28.4,35.93
2026-01-06,แม่ฮ่องสอน,ปาย,แม่ฮี้,38.76,27.96
2026-01-07,ลำพูน,ป่าซาง,มะกอก,69.69,30.84
2026-01-07,ลำพูน,ลี้,ลี้,43.49,30.58
2026-01-07,ลำพูน,ลี้,ศรีวิชัย,89.41,38.13
2026-01-07,เชียงราย,เมือง,ศรีภูมิ,63.89,28.78
2026-01-07,เชียงราย,เมือง,สุเทพ,69.66,38.59
2026-01-07,เชียงใหม่,เมือง,ช้างเผือก,111.08,36.89
2026-01-07,เชียงใหม่,แม่ริม,ริมใต้,25.69,30.72
2026-01-07,แม่ฮ่องสอน,ปาย,เวียงใต้,18.56,39.07
2026-01-07,แม่ฮ่องสอน,เมือง,สุเทพ,80.96,38.9
2026-01-08,ลำพูน,ป่าซาง,น้ำดิบ,64.57,37.62
2026-01-08,ลำพูน,ป่าซาง,มะกอก,21.32,28.43
2026-01-08,ลำพูน,เมือง,สุเทพ,20.15,33.04
2026-01-08,เชียงราย,แม่สาย,เวียงพางคำ,104.19,31.86
2026-01-08,เชียงใหม่,สารภี,หนองผึ้ง,46.33,31.57
2026-01-08,เชียงใหม่,เมือง,ช้างเผือก,89.08,37.35
2026-01-08,เชียงใหม่,เมือง,ศรีภูมิ,39.98,35.81
2026-01-08,แม่ฮ่องสอน,ปาย,เวียงใต้,100.95,36.65
2026-01-08,แม่ฮ่องสอน,ปาย,แม่ฮี้,52.04,28.68
2026-01-08,แม่ฮ่องสอน,เมือง,ศรีภูมิ,58.22,39.76
2026-01-08,แม่ฮ่องสอน,เมือง,สุเทพ,25.42,34.79
2026-01-09,ลำพูน,ป่าซาง,น้ำดิบ,84.16,29.57
2026-01-09,ลำพูน,ป่าซาง,มะกอก,35.49,35.52
2026-01-09,ลำพูน,เมือง,ศรีภูมิ,11.25,34.55
2026-01-09,เชียงราย,แม่สาย,เวียงพางคำ,59.25,28.86
2026-01-09,เชียงราย,แม่สาย,โป่งผา,48.01,30.18
2026-01-09,เชียงใหม่,สารภี,ยางเนิ้ง,79.73,26.5
2026-01-09,เชียงใหม่,แม่ริม,ริมใต้,29.1,35.0
2026-01-09,แม่ฮ่องสอน,ปาย,เวียงใต้,70.25,31.14
2026-01-09,แม่ฮ่องสอน,ปาย,แม่ฮี้,90.12,32.16
2026-01-09,แม่ฮ่องสอน,เมือง,ช้างเผือก,80.29,35.12
2026-01-09,แม่ฮ่องสอน,เมือง,ศรีภูมิ,104.93,30.17
2025-11-20,ลำพูน,ป่าซาง,น้ำดิบ,46.03,32.71
2025-11-20,ลำพูน,ป่าซาง,มะกอก,86.66,38.6
2025-11-20,ลำพูน,ลี้,ลี้,24.1,31.77
2025-11-20,ลำพูน,เมือง,สุเทพ,43.63,27.72
2025-11-20,เชียงราย,เมือง,ศรีภูมิ,78.77,28.71
2025-11-20,เชียงราย,แม่สาย,เวียงพางคำ,59.3,36.43
2025-11-20,เชียงใหม่,สารภี,ยางเนิ้ง,69.36,36.28
2025-11-20,เชียงใหม่,เมือง,ช้างเผือก,109.22,39.07
2025-11-20,เชียงใหม่,เมือง,สุเทพ,101.69,26.76
2025-11-20,แม่ฮ่องสอน,ปาย,เวียงใต้,75.1,30.35
2025-11-20,แม่ฮ่องสอน,เมือง,ศรีภูมิ,11.24,33.66
2025-11-21,ลำพูน,ป่าซาง,มะกอก,60.4,29.28
2025-11-21,ลำพูน,เมือง,สุเทพ,47.56,30.23
2025-11-21,เชียงราย,พาน,ทรายขาว,114.81,26.31
2025-11-21,เชียงราย,พาน,ม่วงคำ,50.54,33.96
2025-11-21,เชียงราย,เมือง,สุเทพ,113.2,31.29
2025-11-21,เชียงราย,แม่สาย,เวียงพางคำ,12.94,35.54
2025-11-21,เชียงราย,แม่สาย,โป่งผา,56.77,32.19
2025-11-21,เชียงใหม่,เมือง,ศรีภูมิ,12.95,28.63
2025-11-21,แม่ฮ่องสอน,ปาย,เวียงใต้,56.22,35.43
2025-11-21,แม่ฮ่องสอน,เมือง,ช้างเผือก,15.22,29.03
2025-11-22,ลำพูน,ลี้,ลี้,42.53,39.59
2025-11-22,เชียงราย,พาน,ทรายขาว,40.32,32.83
2025-11-22,เชียงราย,เมือง,ช้างเผือก,65.02,30.34
2025-11-22,เชียงราย,แม่สาย,เวียงพางคำ,118.39,35.73
2025-11-22,เชียงใหม่,หางดง,หนองควาย,109.36,39.26
2025-11-22,แม่ฮ่องสอน,เมือง,ช้างเผือก,76.4,29.96
2025-11-23,ลำพูน,ลี้,ลี้,64.34,27.64
2025-11-23,ลำพูน,เมือง,ช้างเผือก,83.78,27.92
2025-11-23,ลำพูน,เมือง,สุเทพ,118.81,33.63
2025-11-23,เชียงราย,พาน,ทรายขาว,65.1,37.45
2025-11-23,เชียงราย,เมือง,สุเทพ,86.73,33.68
2025-11-23,เชียงราย,แม่สาย,เวียงพางคำ,20.82,31.27
2025-11-23,เชียงใหม่,หางดง,บ้านแหวน,61.74,37.07
2025-11-23,เชียงใหม่,แม่ริม,ริมใต้,110.67,27.84
2025-11-23,แม่ฮ่องสอน,ปาย,แม่ฮี้,45.98,33.35
2025-11-23,แม่ฮ่องสอน,เมือง,ช้างเผือก,16.97,38.02
2025-11-24,ลำพูน,ลี้,ศรีวิชัย,68.72,37.28
2025-11-24,เชียงราย,พาน,ม่วงคำ,104.7,38.12
2025-11-24,เชียงราย,แม่สาย,เวียงพางคำ,43.77,32.49
2025-11-24,เชียงใหม่,หางดง,บ้านแหวน,75.6,30.91
2025-11-24,แม่ฮ่องสอน,ปาย,เวียงใต้,18.61,33.65
2025-11-24,แม่ฮ่องสอน,ปาย,แม่ฮี้,42.41,33.96
2025-11-25,ลำพูน,ลี้,ศรีวิชัย,107.71,33.23
2025-11-25,เชียงราย,พาน,ม่วงคำ,46.92,36.16
2025-11-25,เชียงใหม่,หางดง,บ้านแหวน,72.45,29.34
2025-11-25,เชียงใหม่,หางดง,หนองควาย,62.34,29.36
2025-11-25,เชียงใหม่,เมือง,ช้างเผือก,60.17,26.28
2025-11-25,แม่ฮ่องสอน,เมือง,สุเทพ,86.64,33.49
2025-11-26,เชียงราย,เมือง,สุเทพ,12.84,28.57
2025-11-26,เชียงใหม่,สารภี,ยางเนิ้ง,105.96,37.88
2025-11-26,เชียงใหม่,เมือง,สุเทพ,98.39,36.3
2025-11-26,เชียงใหม่,แม่ริม,ดอนแก้ว,92.21,29.07
2025-11-26,เชียงใหม่,แม่ริม,ริมใต้,86.69,28.98
2025-11-26,แม่ฮ่องสอน,ปาย,เวียงใต้,36.82,31.71
2025-11-27,ลำพูน,ป่าซาง,น้ำดิบ,47.96,29.16
2025-11-27,ลำพูน,ป่าซาง,มะกอก,83.41,31.3
2025-11-27,ลำพูน,ลี้,ศรีวิชัย,85.08,36.76
2025-11-27,ลำพูน,เมือง,สุเทพ,108.07,39.46
2025-11-27,เชียงราย,พาน,ทรายขาว,25.25,35.21
2025-11-27,เชียงราย,เมือง,ศรีภูมิ,114.71,27.67
2025-11-27,เชียงราย,แม่สาย,เวียงพางคำ,94.31,36.29
2025-11-27,เชียงใหม่,หางดง,บ้านแหวน,65.35,28.69
2025-11-27,เชียงใหม่,แม่ริม,ดอนแก้ว,28.56,37.83
2025-11-27,แม่ฮ่องสอน,ปาย,แม่ฮี้,86.51,33.52
2025-11-27,แม่ฮ่องสอน,เมือง,ศรีภูมิ,94.66,31.09
2025-11-27,แม่ฮ่องสอน,เมือง,สุเทพ,104.91,38.47
2025-11-28,ลำพูน,ป่าซาง,มะกอก,31.62,30.23
2025-11-28,ลำพูน,ลี้,ลี้,35.96,36.57
2025-11-28,เชียงราย,พาน,ม่วงคำ,87.81,28.8
2025-11-28,เชียงใหม่,สารภี,หนองผึ้ง,71.58,37.61
2025-11-28,เชียงใหม่,หางดง,หนองควาย,104.94,27.95
2025-11-28,เชียงใหม่,เมือง,ศรีภูมิ,21.87,36.76
2025-11-28,เชียงใหม่,แม่ริม,ดอนแก้ว,22.95,33.98
2025-11-28,แม่ฮ่องสอน,ปาย,แม่ฮี้,105.44,28.97
2025-11-29,ลำพูน,ป่าซาง,น้ำดิบ,23.36,28.59
2025-11-29,ลำพูน,เมือง,สุเทพ,78.05,38.8
2025-11-29,เชียงราย,เมือง,สุเทพ,55.31,29.0
2025-11-29,เชียงราย,แม่สาย,เวียงพางคำ,95.26,28.42
2025-11-29,เชียงราย,แม่สาย,โป่งผา,80.66,30.44
2025-11-29,เชียงใหม่,เมือง,ศรีภูมิ,116.59,34.11
2025-11-29,เชียงใหม่,เมือง,สุเทพ,78.1,28.26
2025-11-29,แม่ฮ่องสอน,ปาย,เวียงใต้,18.7,30.38
2025-11-29,แม่ฮ่องสอน,ปาย,แม่ฮี้,81.16,25.72
2025-11-30,ลำพูน,ป่าซาง,น้ำดิบ,54.07,33.94
2025-11-30,ลำพูน,ป่าซาง,มะกอก,50.09,34.3
2025-11-30,ลำพูน,เมือง,สุเทพ,113.62,34.99
2025-11-30,เชียงราย,แม่สาย,เวียงพางคำ,95.39,26.09
2025-11-30,เชียงใหม่,สารภี,หนองผึ้ง,100.0,36.76
2025-11-30,เชียงใหม่,หางดง,หนองควาย,92.7,36.01
2025-11-30,เชียงใหม่,เมือง,ช้างเผือก,61.06,38.21
2025-11-30,เชียงใหม่,เมือง,ศรีภูมิ,13.9,26.49
2025-11-30,เชียงใหม่,เมือง,สุเทพ,114.74,27.04
2025-11-30,แม่ฮ่องสอน,ปาย,เวียงใต้,36.29,33.8
2025-11-30,แม่ฮ่องสอน,เมือง,ช้างเผือก,63.2,33.4
2025-11-30,แม่ฮ่องสอน,เมือง,ศรีภูมิ,24.64,30.65
2025-12-01,ลำพูน,ป่าซาง,มะกอก,103.07,37.35
2025-12-01,ลำพูน,ลี้,ลี้,39.07,29.8
2025-12-01,เชียงราย,พาน,ทรายขาว,31.23,27.02
2025-12-01,เชียงราย,เมือง,สุเทพ,22.58,25.36
2025-12-01,เชียงใหม่,เมือง,สุเทพ,113.32,33.81
2025-12-01,แม่ฮ่องสอน,ปาย,แม่ฮี้,112.71,29.11
2025-12-01,แม่ฮ่องสอน,เมือง,ศรีภูมิ,93.07,34.46
2025-12-10,เชียงราย,เมือง,สุเทพ,76.95,36.73
2025-12-10,เชียงใหม่,สารภี,ยางเนิ้ง,88.42,34.22
2025-12-10,เชียงใหม่,สารภี,หนองผึ้ง,116.42,27.26
2025-12-10,เชียงใหม่,แม่ริม,ริมใต้,52.86,31.2
2025-12-10,แม่ฮ่องสอน,ปาย,เวียงใต้,79.99,27.77
2025-12-10,แม่ฮ่องสอน,ปาย,แม่ฮี้,101.13,31.74
2025-12-10,แม่ฮ่องสอน,เมือง,ช้างเผือก,104.21,37.83
2025-12-11,ลำพูน,ป่าซาง,น้ำดิบ,53.62,36.0
2025-12-11,เชียงราย,เมือง,ศรีภูมิ,74.35,36.92
2025-12-11,เชียงใหม่,สารภี,หนองผึ้ง,36.87,37.84
2025-12-11,เชียงใหม่,เมือง,ช้างเผือก,31.74,37.2
2025-12-11,เชียงใหม่,แม่ริม,ดอนแก้ว,43.82,34.63
2025-12-11,แม่ฮ่องสอน,ปาย,แม่ฮี้,36.81,25.99
2025-12-11,แม่ฮ่องสอน,เมือง,ช้างเผือก,59.27,31.39
2025-12-12,เชียงราย,พาน,ทรายขาว,76.29,30.27
2025-12-12,เชียงราย,พาน,ม่วงคำ,112.69,37.59
2025-12-12,เชียงราย,เมือง,สุเทพ,78.3,30.18
2025-12-12,เชียงราย,แม่สาย,เวียงพางคำ,73.26,26.68
2025-12-12,เชียงราย,แม่สาย,โป่งผา,56.76,30.49
2025-12-12,เชียงใหม่,สารภี,หนองผึ้ง,22.03,36.94
2025-12-12,เชียงใหม่,เมือง,ศรีภูมิ,47.41,30.62
2025-12-12,เชียงใหม่,แม่ริม,ริมใต้,91.33,39.75
2025-12-12,แม่ฮ่องสอน,ปาย,เวียงใต้,83.14,27.61
2025-12-12,แม่ฮ่องสอน,เมือง,สุเทพ,97.18,39.47
2025-12-13,ลำพูน,ป่าซาง,มะกอก,97.52,39.67
2025-12-13,ลำพูน,ลี้,ลี้,35.96,32.57
2025-12-13,ลำพูน,ลี้,ศรีวิชัย,92.24,33.95
2025-12-13,เชียงราย,พาน,ม่วงคำ,108.13,37.19
2025-12-13,เชียงราย,เมือง,ช้างเผือก,111.58,38.56
2025-12-13,เชียงใหม่,สารภี,หนองผึ้ง,93.85,31.7
2025-12-13,เชียงใหม่,หางดง,บ้านแหวน,64.72,26.39
2025-12-13,เชียงใหม่,เมือง,สุเทพ,32.44,34.92
2025-12-13,แม่ฮ่องสอน,ปาย,เวียงใต้,58.67,29.83
2025-12-13,แม่ฮ่องสอน,ปาย,แม่ฮี้,97.29,29.78
2025-12-13,แม่ฮ่องสอน,เมือง,สุเทพ,65.68,28.06
2025-12-14,ลำพูน,ป่าซาง,น้ำดิบ,62.3,30.0
2025-12-14,ลำพูน,ป่าซาง,มะกอก,80.52,27.87
2025-12-14,ลำพูน,ลี้,ลี้,90.4,34.41
2025-12-14,เชียงราย,พาน,ทรายขาว,43.93,25.82
2025-12-14,เชียงราย,แม่สาย,เวียงพางคำ,91.1,38.43
2025-12-14,เชียงใหม่,สารภี,หนองผึ้ง,46.78,34.75
2025-12-14,เชียงใหม่,หางดง,บ้านแหวน,60.17,27.23
2025-12-14,เชียงใหม่,หางดง,หนองควาย,51.4,33.35
2025-12-14,เชียงใหม่,เมือง,สุเทพ,21.43,32.06
2025-12-14,แม่ฮ่องสอน,ปาย,เวียงใต้,111.33,34.89
2025-12-14,แม่ฮ่องสอน,ปาย,แม่ฮี้,69.74,34.74
2025-12-14,แม่ฮ่องสอน,เมือง,สุเทพ,119.26,27.99
2025-12-15,เชียงราย,พาน,ทรายขาว,73.55,35.96
2025-12-15,เชียงราย,พาน,ม่วงคำ,96.29,31.21
2025-12-15,เชียงใหม่,หางดง,หนองควาย,104.34,34.78
2025-12-15,เชียงใหม่,เมือง,สุเทพ,42.32,28.82
2025-12-15,แม่ฮ่องสอน,ปาย,เวียงใต้,44.81,30.28
2025-12-15,แม่ฮ่องสอน,เมือง,ช้างเผือก,54.33,31.03
2025-12-16,ลำพูน,ป่าซาง,มะกอก,59.2,34.6
2025-12-16,ลำพูน,เมือง,ศรีภูมิ,27.39,36.35
2025-12-16,เชียงใหม่,แม่ริม,ริมใต้,57.83,27.66
2025-12-16,แม่ฮ่องสอน,ปาย,เวียงใต้,47.18,37.76
2025-12-16,แม่ฮ่องสอน,ปาย,แม่ฮี้,20.54,26.95
2025-12-16,แม่ฮ่องสอน,เมือง,ศรีภูมิ,18.81,36.07
2025-12-16,แม่ฮ่องสอน,เมือง,สุเทพ,37.11,32.91
2025-12-17,ลำพูน,ป่าซาง,น้ำดิบ,59.41,33.72
2025-12-17,ลำพูน,ป่าซาง,มะกอก,46.31,32.84
2025-12-17,ลำพูน,เมือง,ศรีภูมิ,65.99,25.44
2025-12-17,ลำพูน,เมือง,สุเทพ,104.78,31.07
2025-12-17,เชียงใหม่,สารภี,ยางเนิ้ง,69.04,30.03
2025-12-17,เชียงใหม่,หางดง,บ้านแหวน,55.13,39.61
2025-12-17,เชียงใหม่,เมือง,ศรีภูมิ,62.05,36.75
2025-12-17,เชียงใหม่,แม่ริม,ดอนแก้ว,58.83,26.93
2025-12-17,แม่ฮ่องสอน,ปาย,แม่ฮี้,14.84,31.28
2025-12-17,แม่ฮ่องสอน,เมือง,สุเทพ,80.22,38.03
2025-12-18,ลำพูน,ป่าซาง,น้ำดิบ,82.5,31.19
2025-12-18,ลำพูน,ลี้,ศรีวิชัย,76.29,29.63
2025-12-18,เชียงราย,พาน,ทรายขาว,52.82,29.46
2025-12-18,เชียงราย,แม่สาย,เวียงพางคำ,86.61,39.51
2025-12-18,เชียงใหม่,หางดง,บ้านแหวน,67.62,33.03
2025-12-18,เชียงใหม่,หางดง,หนองควาย,116.55,33.4
2025-12-18,เชียงใหม่,เมือง,ศรีภูมิ,42.14,37.26
2025-12-18,แม่ฮ่องสอน,ปาย,เวียงใต้,107.84,25.39
2025-12-18,แม่ฮ่องสอน,เมือง,ศรีภูมิ,25.83,32.55
2025-12-19,ลำพูน,ป่าซาง,น้ำดิบ,39.67,30.96
2025-12-19,ลำพูน,ป่าซาง,มะกอก,31.5,38.29
2025-12-19,ลำพูน,ลี้,ลี้,21.45,39.79
2025-12-19,เชียงใหม่,สารภี,ยางเนิ้ง,13.23,26.68
2025-12-19,เชียงใหม่,สารภี,หนองผึ้ง,14.96,36.2
2025-12-19,เชียงใหม่,หางดง,หนองควาย,18.19,34.67
2025-12-19,เชียงใหม่,แม่ริม,ดอนแก้ว,41.81,28.07
2025-12-19,แม่ฮ่องสอน,ปาย,เวียงใต้,93.18,26.24
2025-12-19,แม่ฮ่องสอน,เมือง,ช้างเผือก,45.25,33.69
2025-12-02,ลำพูน,ลี้,ลี้,72.94,38.65
2025-12-02,ลำพูน,เมือง,สุเทพ,104.17,33.28
2025-12-02,เชียงราย,พาน,ทรายขาว,22.71,30.28
2025-12-02,เชียงราย,พาน,ม่วงคำ,18.16,30.53
2025-12-02,เชียงราย,เมือง,สุเทพ,31.12,27.63
2025-12-02,เชียงราย,แม่สาย,เวียงพางคำ,23.24,34.08
2025-12-02,เชียงใหม่,สารภี,ยางเนิ้ง,70.91,36.4
2025-12-02,เชียงใหม่,หางดง,บ้านแหวน,114.51,37.38
2025-12-02,เชียงใหม่,หางดง,หนองควาย,115.16,30.61
2025-12-02,เชียงใหม่,เมือง,ช้างเผือก,53.28,28.55
2025-12-02,เชียงใหม่,เมือง,ศรีภูมิ,103.5,28.21
2025-12-02,แม่ฮ่องสอน,ปาย,เวียงใต้,27.58,35.79
2025-12-02,แม่ฮ่องสอน,เมือง,ศรีภูมิ,31.21,31.88
2025-12-20,ลำพูน,ป่าซาง,มะกอก,60.1,27.82
2025-12-20,ลำพูน,ลี้,ศรีวิชัย,80.27,36.36
2025-12-20,เชียงราย,พาน,ทรายขาว,66.98,26.76
2025-12-20,เชียงราย,เมือง,ช้างเผือก,76.95,35.61
2025-12-20,เชียงราย,แม่สาย,เวียงพางคำ,54.03,35.35
2025-12-20,เชียงใหม่,หางดง,หนองควาย,106.86,25.4
2025-12-20,เชียงใหม่,แม่ริม,ริมใต้,86.08,35.57
2025-12-20,แม่ฮ่องสอน,ปาย,เวียงใต้,84.49,26.53
2025-12-21,ลำพูน,ป่าซาง,น้ำดิบ,100.26,31.8
2025-12-21,ลำพูน,ลี้,ลี้,87.4,30.26
2025-12-21,ลำพูน,ลี้,ศรีวิชัย,21.71,37.78
2025-12-21,ลำพูน,เมือง,สุเทพ,22.14,30.04
2025-12-21,เชียงใหม่,สารภี,ยางเนิ้ง,67.53,28.33
2025-12-21,เชียงใหม่,สารภี,หนองผึ้ง,53.52,31.53
2025-12-21,แม่ฮ่องสอน,เมือง,ช้างเผือก,51.27,37.56
2025-12-22,เชียงราย,เมือง,ศรีภูมิ,84.4,37.02
2025-12-22,เชียงใหม่,สารภี,ยางเนิ้ง,113.26,30.12
2025-12-22,เชียงใหม่,สารภี,หนองผึ้ง,72.26,38.99
2025-12-22,เชียงใหม่,หางดง,บ้านแหวน,29.83,30.85
2025-12-22,เชียงใหม่,หางดง,หนองควาย,102.67,31.29
2025-12-22,แม่ฮ่องสอน,ปาย,แม่ฮี้,62.9,33.13
2025-12-22,แม่ฮ่องสอน,เมือง,ช้างเผือก,79.7,28.45
2025-12-22,แม่ฮ่องสอน,เมือง,สุเทพ,68.66,30.31
2025-12-23,ลำพูน,ป่าซาง,น้ำดิบ,59.73,27.98
2025-12-23,ลำพูน,เมือง,ช้างเผือก,56.0,26.72
2025-12-23,เชียงราย,พาน,ทรายขาว,33.89,29.74
2025-12-23,เชียงใหม่,สารภี,หนองผึ้ง,73.32,30.6
2025-12-23,เชียงใหม่,หางดง,บ้านแหวน,95.96,31.22
2025-12-23,เชียงใหม่,เมือง,ศรีภูมิ,100.28,31.65
2025-12-23,แม่ฮ่องสอน,ปาย,แม่ฮี้,56.64,30.79
2025-12-23,แม่ฮ่องสอน,เมือง,ช้างเผือก,91.63,38.62
2025-12-24,ลำพูน,ลี้,ศรีวิชัย,90.13,28.65
2025-12-24,ลำพูน,เมือง,ศรีภูมิ,17.94,29.15
2025-12-24,เชียงราย,เมือง,ช้างเผือก,105.92,30.66
2025-12-24,เชียงราย,เมือง,ศรีภูมิ,20.32,34.28
2025-12-24,เชียงราย,แม่สาย,โป่งผา,67.14,30.84
2025-12-24,เชียงใหม่,สารภี,หนองผึ้ง,58.14,26.35
2025-12-24,เชียงใหม่,แม่ริม,ดอนแก้ว,87.28,27.9
2025-12-24,แม่ฮ่องสอน,ปาย,เวียงใต้,27.37,39.47
2025-12-24,แม่ฮ่องสอน,เมือง,ศรีภูมิ,50.87,37.5
2025-12-25,ลำพูน,ลี้,ศรีวิชัย,73.45,29.63
2025-12-25,เชียงราย,พาน,ม่วงคำ,60.56,34.17
2025-12-25,เชียงราย,เมือง,ศรีภูมิ,109.19,29.14
2025-12-25,เชียงราย,เมือง,สุเทพ,108.19,39.17
2025-12-25,เชียงราย,แม่สาย,เวียงพางคำ,14.74,36.11
2025-12-25,เชียงใหม่,สารภี,ยางเนิ้ง,23.12,34.48
2025-12-25,เชียงใหม่,สารภี,หนองผึ้ง,96.26,31.03
2025-12-25,เชียงใหม่,เมือง,ช้างเผือก,86.56,26.14
2025-12-25,เชียงใหม่,เมือง,สุเทพ,90.1,38.03
2025-12-25,แม่ฮ่องสอน,ปาย,เวียงใต้,15.77,35.61
2025-12-26,ลำพูน,ลี้,ศรีวิชัย,54.38,34.33
2025-12-26,ลำพูน,เมือง,ช้างเผือก,64.1,36.92
2025-12-26,ลำพูน,เมือง,สุเทพ,72.26,31.63
2025-12-26,เชียงราย,เมือง,ศรีภูมิ,74.01,37.62
2025-12-26,เชียงราย,แม่สาย,โป่งผา,19.36,35.66
2025-12-26,เชียงใหม่,หางดง,บ้านแหวน,86.77,31.01
2025-12-26,แม่ฮ่องสอน,เมือง,ศรีภูมิ,75.58,35.64
2025-12-27,เชียงราย,พาน,ทรายขาว,62.56,36.09
2025-12-27,เชียงราย,เมือง,ช้างเผือก,37.52,39.98
2025-12-27,เชียงใหม่,สารภี,หนองผึ้ง,97.32,30.14
2025-12-27,เชียงใหม่,หางดง,หนองควาย,50.9,30.53
2025-12-27,เชียงใหม่,แม่ริม,ดอนแก้ว,22.2,37.61
2025-12-27,เชียงใหม่,แม่ริม,ริมใต้,92.15,38.02
2025-12-27,แม่ฮ่องสอน,ปาย,เวียงใต้,104.85,31.59
2025-12-27,แม่ฮ่องสอน,ปาย,แม่ฮี้,74.78,29.6
2025-12-28,ลำพูน,ป่าซาง,น้ำดิบ,39.08,37.01
2025-12-28,เชียงราย,พาน,ทรายขาว,116.02,34.26
2025-12-28,เชียงราย,เมือง,ช้างเผือก,72.36,29.88
2025-12-28,เชียงใหม่,สารภี,หนองผึ้ง,92.74,30.13
2025-12-28,แม่ฮ่องสอน,ปาย,เวียงใต้,80.12,32.81
2025-12-28,แม่ฮ่องสอน,เมือง,ศรีภูมิ,107.61,34.11
2025-12-29,ลำพูน,ป่าซาง,น้ำดิบ,88.87,39.2
2025-12-29,ลำพูน,เมือง,ช้างเผือก,52.86,29.68
2025-12-29,เชียงราย,พาน,ม่วงคำ,80.74,32.38
2025-12-29,เชียงราย,เมือง,สุเทพ,52.15,31.12
2025-12-29,เชียงราย,แม่สาย,โป่งผา,98.24,31.15
2025-12-29,เชียงใหม่,หางดง,บ้านแหวน,75.6,38.43
2025-12-29,เชียงใหม่,เมือง,ช้างเผือก,104.28,37.93
2025-12-29,เชียงใหม่,แม่ริม,ดอนแก้ว,74.22,38.31
2025-12-29,แม่ฮ่องสอน,ปาย,แม่ฮี้,21.12,32.42
2025-12-29,แม่ฮ่องสอน,เมือง,สุเทพ,53.58,25.92
2025-12-03,เชียงราย,เมือง,ศรีภูมิ,80.37,32.85
2025-12-03,เชียงราย,แม่สาย,เวียงพางคำ,60.89,27.14
2025-12-03,เชียงใหม่,สารภี,ยางเนิ้ง,114.95,29.23
2025-12-03,แม่ฮ่องสอน,เมือง,ศรีภูมิ,44.05,37.2
2025-12-30,ลำพูน,ป่าซาง,น้ำดิบ,10.15,35.36
2025-12-30,ลำพูน,ลี้,ศรีวิชัย,71.81,38.01
2025-12-30,ลำพูน,เมือง,ศรีภูมิ,39.43,30.23
2025-12-30,ลำพูน,เมือง,สุเทพ,15.15,26.41
2025-12-30,เชียงราย,พาน,ม่วงคำ,11.28,35.68
2025-12-30,เชียงราย,เมือง,ศรีภูมิ,117.62,26.51
2025-12-30,เชียงราย,เมือง,สุเทพ,17.77,33.54
2025-12-30,แม่ฮ่องสอน,ปาย,เวียงใต้,118.78,35.05
2025-12-30,แม่ฮ่องสอน,ปาย,แม่ฮี้,59.83,31.01
2025-12-31,เชียงราย,พาน,ทรายขาว,39.47,39.55
2025-12-31,แม่ฮ่องสอน,ปาย,เวียงใต้,57.3,39.52
2025-12-31,แม่ฮ่องสอน,ปาย,แม่ฮี้,36.2,36.04
2025-12-04,ลำพูน,ลี้,ศรีวิชัย,58.38,35.43
2025-12-04,ลำพูน,เมือง,ศรีภูมิ,71.6,29.68
2025-12-04,เชียงราย,เมือง,สุเทพ,34.3,37.07
2025-12-04,เชียงใหม่,แม่ริม,ริมใต้,81.07,39.44
2025-12-04,แม่ฮ่องสอน,เมือง,ช้างเผือก,52.04,38.21
2025-12-04,แม่ฮ่องสอน,เมือง,สุเทพ,78.34,28.62
2025-12-05,ลำพูน,เมือง,ศรีภูมิ,34.75,32.91
2025-12-05,ลำพูน,เมือง,สุเทพ,56.6,32.05
2025-12-05,เชียงราย,เมือง,ช้างเผือก,111.79,34.6
2025-12-05,เชียงราย,เมือง,ศรีภูมิ,79.42,26.63
2025-12-05,เชียงราย,เมือง,สุเทพ,92.32,35.89
2025-12-05,เชียงราย,แม่สาย,เวียงพางคำ,28.35,33.02
2025-12-05,เชียงใหม่,สารภี,ยางเนิ้ง,46.35,32.28
2025-12-05,เชียงใหม่,หางดง,หนองควาย,50.54,32.94
2025-12-05,เชียงใหม่,เมือง,สุเทพ,63.32,34.72
2025-12-05,แม่ฮ่องสอน,ปาย,แม่ฮี้,114.79,32.97
2025-12-05,แม่ฮ่องสอน,เมือง,ช้างเผือก,12.85,26.87
2025-12-05,แม่ฮ่องสอน,เมือง,ศรีภูมิ,74.99,38.16
2025-12-05,แม่ฮ่องสอน,เมือง,สุเทพ,41.97,28.63
2025-12-06,ลำพูน,ลี้,ลี้,27.99,36.57
2025-12-06,ลำพูน,เมือง,ช้างเผือก,31.42,34.05
2025-12-06,เชียงราย,พาน,ม่วงคำ,114.98,33.2
2025-12-06,เชียงราย,เมือง,สุเทพ,40.68,35.73
2025-12-06,แม่ฮ่องสอน,ปาย,เวียงใต้,77.72,34.18
2025-12-07,เชียงราย,เมือง,ช้างเผือก,88.66,31.68
2025-12-07,เชียงราย,แม่สาย,เวียงพางคำ,34.83,33.41
2025-12-07,เชียงใหม่,สารภี,ยางเนิ้ง,65.96,27.63
2025-12-07,เชียงใหม่,หางดง,หนองควาย,82.31,28.53
2025-12-07,แม่ฮ่องสอน,เมือง,ช้างเผือก,37.64,39.2
2025-12-07,แม่ฮ่องสอน,เมือง,สุเทพ,115.4,30.04
2025-12-08,ลำพูน,ป่าซาง,มะกอก,67.86,26.32
2025-12-08,ลำพูน,ลี้,ลี้,11.91,29.56
2025-12-08,ลำพูน,ลี้,ศรีวิชัย,92.59,27.34
2025-12-08,ลำพูน,เมือง,ช้างเผือก,94.43,32.22
2025-12-08,ลำพูน,เมือง,ศรีภูมิ,39.93,25.13
2025-12-08,เชียงราย,พาน,ทรายขาว,52.41,29.68
2025-12-08,เชียงราย,เมือง,ศรีภูมิ,12.52,35.79
2025-12-08,เชียงราย,แม่สาย,เวียงพางคำ,62.22,39.38
2025-12-08,เชียงใหม่,สารภี,ยางเนิ้ง,103.01,30.97
2025-12-08,เชียงใหม่,สารภี,หนองผึ้ง,63.63,35.92
2025-12-08,เชียงใหม่,หางดง,หนองควาย,21.27,25.88
2025-12-08,เชียงใหม่,เมือง,ช้างเผือก,33.61,38.18
2025-12-08,แม่ฮ่องสอน,ปาย,เวียงใต้,81.23,32.31
2025-12-08,แม่ฮ่องสอน,เมือง,ศรีภูมิ,61.09,30.05
2025-12-09,ลำพูน,ป่าซาง,น้ำดิบ,57.19,29.23
2025-12-09,ลำพูน,ป่าซาง,มะกอก,56.66,26.89
2025-12-09,ลำพูน,ลี้,ศรีวิชัย,80.82,34.9
2025-12-09,ลำพูน,เมือง,ศรีภูมิ,11.84,34.01
2025-12-09,ลำพูน,เมือง,สุเทพ,10.41,39.01
2025-12-09,เชียงราย,แม่สาย,เวียงพางคำ,88.42,31.17
2025-12-09,เชียงใหม่,หางดง,บ้านแหวน,38.93,34.87
2025-12-09,เชียงใหม่,หางดง,หนองควาย,54.67,33.1
2025-12-09,เชียงใหม่,แม่ริม,ริมใต้,33.51,28.49
2025-12-09,แม่ฮ่องสอน,ปาย,เวียงใต้,79.32,31.22
2025-12-09,แม่ฮ่องสอน,เมือง,ช้างเผือก,43.21,34.81
2026-02-01,ลำพูน,ป่าซาง,น้ำดิบ,52.53,28.83
2026-02-01,ลำพูน,ลี้,ลี้,31.99,25.96
2026-02-01,ลำพูน,เมือง,ช้างเผือก,27.08,31.82
2026-02-01,ลำพูน,เมือง,สุเทพ,66.65,29.94
2026-02-01,เชียงราย,พาน,ทรายขาว,105.3,25.53
2026-02-01,เชียงราย,พาน,ม่วงคำ,29.85,26.91
2026-02-01,เชียงราย,เมือง,ศรีภูมิ,57.61,29.03
2026-02-01,เชียงราย,แม่สาย,เวียงพางคำ,45.55,39.82
2026-02-01,เชียงราย,แม่สาย,โป่งผา,98.75,33.03
2026-02-01,เชียงใหม่,แม่ริม,ดอนแก้ว,80.45,35.91
2026-02-01,เชียงใหม่,แม่ริม,ริมใต้,15.6,38.13
2026-02-01,แม่ฮ่องสอน,ปาย,เวียงใต้,64.08,25.76
2026-02-01,แม่ฮ่องสอน,เมือง,ช้างเผือก,42.13,38.65
2026-02-10,ลำพูน,ลี้,ลี้,71.25,33.61
2026-02-10,ลำพูน,ลี้,ศรีวิชัย,49.4,32.51
2026-02-10,ลำพูน,เมือง,ช้างเผือก,91.3,32.58
2026-02-10,ลำพูน,เมือง,ศรีภูมิ,45.96,32.9
2026-02-10,ลำพูน,เมือง,สุเทพ,101.22,31.1
2026-02-10,เชียงราย,พาน,ม่วงคำ,36.0,39.41
2026-02-10,เชียงราย,เมือง,ศรีภูมิ,80.7,30.48
2026-02-10,เชียงใหม่,สารภี,ยางเนิ้ง,72.61,35.82
2026-02-10,เชียงใหม่,หางดง,หนองควาย,25.91,38.43
2026-02-10,เชียงใหม่,แม่ริม,ดอนแก้ว,114.06,35.95
2026-02-10,เชียงใหม่,แม่ริม,ริมใต้,82.34,25.28
2026-02-10,แม่ฮ่องสอน,ปาย,แม่ฮี้,69.85,30.54
2026-02-10,แม่ฮ่องสอน,เมือง,ศรีภูมิ,90.63,27.61
2026-02-11,ลำพูน,ป่าซาง,น้ำดิบ,53.42,27.1
2026-02-11,เชียงราย,พาน,ม่วงคำ,82.33,38.92
2026-02-11,เชียงราย,เมือง,ศรีภูมิ,78.07,27.63
2026-02-11,เชียงราย,แม่สาย,เวียงพางคำ,89.61,32.64
2026-02-11,เชียงใหม่,สารภี,หนองผึ้ง,60.71,38.99
2026-02-11,เชียงใหม่,เมือง,สุเทพ,11.37,32.02
2026-02-11,เชียงใหม่,แม่ริม,ดอนแก้ว,118.1,36.41
2026-02-11,แม่ฮ่องสอน,ปาย,เวียงใต้,27.61,29.89
2026-02-11,แม่ฮ่องสอน,ปาย,แม่ฮี้,36.26,34.34
2026-02-11,แม่ฮ่องสอน,เมือง,สุเทพ,96.83,39.18
2026-02-12,ลำพูน,ป่าซาง,น้ำดิบ,119.91,29.77
2026-02-12,ลำพูน,ลี้,ลี้,35.94,32.32
2026-02-12,ลำพูน,ลี้,ศรีวิชัย,80.43,28.48
2026-02-12,เชียงราย,พาน,ม่วงคำ,62.84,31.26
2026-02-12,เชียงราย,เมือง,ช้างเผือก,63.49,29.18
2026-02-12,เชียงราย,แม่สาย,โป่งผา,12.04,26.29
2026-02-12,เชียงใหม่,สารภี,ยางเนิ้ง,12.49,37.89
2026-02-12,เชียงใหม่,หางดง,บ้านแหวน,55.18,34.89
2026-02-12,แม่ฮ่องสอน,ปาย,เวียงใต้,108.02,29.04
2026-02-13,ลำพูน,เมือง,ช้างเผือก,37.58,26.88
2026-02-13,เชียงราย,พาน,ทรายขาว,77.91,29.57
2026-02-13,เชียงใหม่,สารภี,หนองผึ้ง,78.51,32.5
2026-02-13,เชียงใหม่,เมือง,ช้างเผือก,22.55,35.22
2026-02-13,เชียงใหม่,แม่ริม,ดอนแก้ว,113.37,32.59
2026-02-13,เชียงใหม่,แม่ริม,ริมใต้,94.82,38.91
2026-02-13,แม่ฮ่องสอน,ปาย,เวียงใต้,22.72,32.67
2026-02-13,แม่ฮ่องสอน,ปาย,แม่ฮี้,19.78,35.69
2026-02-13,แม่ฮ่องสอน,เมือง,ช้างเผือก,39.48,29.97
2026-02-14,ลำพูน,ป่าซาง,มะกอก,50.86,34.27
2026-02-14,ลำพูน,ลี้,ลี้,53.99,34.92
2026-02-14,ลำพูน,ลี้,ศรีวิชัย,58.11,25.56
2026-02-14,เชียงราย,เมือง,ช้างเผือก,111.42,34.23
2026-02-14,เชียงราย,เมือง,ศรีภูมิ,81.16,34.38
2026-02-14,เชียงราย,แม่สาย,โป่งผา,46.25,32.18
2026-02-14,เชียงใหม่,หางดง,หนองควาย,54.06,36.85
2026-02-14,เชียงใหม่,เมือง,ช้างเผือก,104.44,32.25
2026-02-14,เชียงใหม่,เมือง,สุเทพ,64.87,33.16
2026-02-14,แม่ฮ่องสอน,ปาย,แม่ฮี้,105.81,34.98
2026-02-14,แม่ฮ่องสอน,เมือง,ช้างเผือก,14.51,33.63
2026-02-14,แม่ฮ่องสอน,เมือง,ศรีภูมิ,36.92,33.36
2026-02-15,ลำพูน,เมือง,ศรีภูมิ,85.23,28.49
2026-02-15,ลำพูน,เมือง,สุเทพ,33.8,35.88
2026-02-15,เชียงราย,พาน,ม่วงคำ,52.98,35.2
2026-02-15,เชียงใหม่,แม่ริม,ริมใต้,73.18,37.66
2026-02-15,แม่ฮ่องสอน,ปาย,เวียงใต้,44.64,25.33
2026-02-15,แม่ฮ่องสอน,ปาย,แม่ฮี้,73.88,26.85
2026-02-15,แม่ฮ่องสอน,เมือง,ช้างเผือก,91.39,30.99
2026-02-16,ลำพูน,ป่าซาง,น้ำดิบ,37.07,35.88
2026-02-16,ลำพูน,ป่าซาง,มะกอก,23.92,29.38
2026-02-16,ลำพูน,ลี้,ศรีวิชัย,57.13,39.96
2026-02-16,เชียงราย,เมือง,ช้างเผือก,43.68,32.96
2026-02-16,แม่ฮ่องสอน,ปาย,เวียงใต้,78.26,32.33
2026-02-16,แม่ฮ่องสอน,ปาย,แม่ฮี้,16.73,33.77
2026-02-16,แม่ฮ่องสอน,เมือง,ช้างเผือก,109.12,33.4
2026-02-17,ลำพูน,ป่าซาง,มะกอก,10.74,30.7
2026-02-17,เชียงราย,แม่สาย,โป่งผา,53.54,25.35
2026-02-17,เชียงใหม่,สารภี,ยางเนิ้ง,14.48,37.08
2026-02-17,เชียงใหม่,หางดง,บ้านแหวน,29.4,33.04
2026-02-17,เชียงใหม่,เมือง,ศรีภูมิ,119.28,31.34
2026-02-17,แม่ฮ่องสอน,ปาย,เวียงใต้,37.04,28.86
2026-02-17,แม่ฮ่องสอน,เมือง,สุเทพ,76.46,36.88
2026-02-18,ลำพูน,เมือง,ช้างเผือก,105.42,30.2
2026-02-18,เชียงราย,เมือง,ช้างเผือก,62.62,27.02
2026-02-18,เชียงใหม่,หางดง,หนองควาย,30.7,38.98
2026-02-18,เชียงใหม่,แม่ริม,ดอนแก้ว,70.51,29.77
2026-02-18,เชียงใหม่,แม่ริม,ริมใต้,43.62,35.81
2026-02-18,แม่ฮ่องสอน,ปาย,แม่ฮี้,17.07,26.59
2026-02-18,แม่ฮ่องสอน,เมือง,ช้างเผือก,53.54,31.0
2026-02-18,แม่ฮ่องสอน,เมือง,ศรีภูมิ,15.75,27.98
2026-02-19,ลำพูน,ลี้,ศรีวิชัย,119.32,39.13
2026-02-19,ลำพูน,เมือง,ศรีภูมิ,79.29,30.18
2026-02-19,เชียงราย,เมือง,ช้างเผือก,32.54,29.3
2026-02-19,เชียงราย,เมือง,ศรีภูมิ,108.56,36.36
2026-02-19,เชียงใหม่,หางดง,หนองควาย,96.13,33.06
2026-02-19,เชียงใหม่,แม่ริม,ริมใต้,43.39,35.94
2026-02-19,แม่ฮ่องสอน,ปาย,เวียงใต้,51.05,35.34
2026-02-02,ลำพูน,ป่าซาง,น้ำดิบ,102.04,34.09
2026-02-02,ลำพูน,ป่าซาง,มะกอก,109.58,31.55
2026-02-02,ลำพูน,ลี้,ศรีวิชัย,82.68,38.52
2026-02-02,เชียงราย,เมือง,ศรีภูมิ,99.5,29.71
2026-02-02,เชียงราย,แม่สาย,โป่งผา,105.69,34.45
2026-02-02,เชียงใหม่,สารภี,หนองผึ้ง,114.7,38.77
2026-02-02,เชียงใหม่,หางดง,หนองควาย,107.9,36.21
2026-02-02,เชียงใหม่,แม่ริม,ริมใต้,32.94,38.09
2026-02-02,แม่ฮ่องสอน,ปาย,แม่ฮี้,48.5,27.91
2026-02-02,แม่ฮ่องสอน,เมือง,ศรีภูมิ,26.54,35.2
2026-02-20,เชียงราย,พาน,ม่วงคำ,14.52,26.03
2026-02-20,เชียงราย,เมือง,ช้างเผือก,23.11,34.05
2026-02-20,เชียงราย,แม่สาย,โป่งผา,51.45,38.11
2026-02-20,เชียงใหม่,สารภี,ยางเนิ้ง,116.36,29.9
2026-02-20,เชียงใหม่,หางดง,หนองควาย,53.42,31.99
2026-02-20,เชียงใหม่,เมือง,สุเทพ,109.21,28.56
2026-02-20,เชียงใหม่,แม่ริม,ริมใต้,85.95,34.3
2026-02-20,แม่ฮ่องสอน,ปาย,เวียงใต้,55.56,25.51
2026-02-20,แม่ฮ่องสอน,เมือง,ศรีภูมิ,32.9,36.67
2026-02-21,ลำพูน,ป่าซาง,มะกอก,12.49,35.14
2026-02-21,ลำพูน,เมือง,ช้างเผือก,116.82,28.56
2026-02-21,เชียงราย,เมือง,สุเทพ,34.9,28.57
2026-02-21,เชียงราย,แม่สาย,เวียงพางคำ,43.0,26.09
2026-02-21,เชียงราย,แม่สาย,โป่งผา,34.76,28.16
2026-02-21,เชียงใหม่,สารภี,หนองผึ้ง,86.38,27.62
2026-02-21,เชียงใหม่,หางดง,บ้านแหวน,38.48,32.04
2026-02-21,เชียงใหม่,หางดง,หนองควาย,89.99,33.36
2026-02-21,เชียงใหม่,เมือง,ช้างเผือก,27.31,39.79
2026-02-21,เชียงใหม่,แม่ริม,ดอนแก้ว,60.3,28.96
2026-02-21,แม่ฮ่องสอน,ปาย,แม่ฮี้,71.32,28.6
2026-02-21,แม่ฮ่องสอน,เมือง,ช้างเผือก,104.81,29.76
2026-02-22,เชียงใหม่,หางดง,หนองควาย,87.02,33.35
2026-02-22,เชียงใหม่,เมือง,ช้างเผือก,93.67,26.3
2026-02-22,แม่ฮ่องสอน,เมือง,ช้างเผือก,70.05,26.24
2026-02-22,แม่ฮ่องสอน,เมือง,ศรีภูมิ,25.3,38.01
2026-02-23,ลำพูน,ลี้,ลี้,39.4,26.39
2026-02-23,เชียงราย,พาน,ม่วงคำ,67.12,26.2
2026-02-23,เชียงราย,เมือง,ศรีภูมิ,38.16,37.5
2026-02-23,เชียงราย,เมือง,สุเทพ,81.19,34.48
2026-02-23,เชียงราย,แม่สาย,โป่งผา,68.75,33.31
2026-02-23,เชียงใหม่,หางดง,บ้านแหวน,45.84,39.1
2026-02-23,เชียงใหม่,เมือง,ช้างเผือก,82.61,34.36
2026-02-23,เชียงใหม่,เมือง,ศรีภูมิ,108.6,29.54
2026-02-23,เชียงใหม่,แม่ริม,ริมใต้,44.28,37.13
2026-02-23,แม่ฮ่องสอน,ปาย,เวียงใต้,54.04,33.97
2026-02-23,แม่ฮ่องสอน,เมือง,ช้างเผือก,63.05,34.82
2026-02-23,แม่ฮ่องสอน,เมือง,สุเทพ,17.43,29.65
2026-02-24,ลำพูน,ป่าซาง,น้ำดิบ,117.05,36.87
2026-02-24,เชียงราย,เมือง,ช้างเผือก,44.7,39.68
2026-02-24,เชียงราย,แม่สาย,เวียงพางคำ,98.67,36.41
2026-02-24,เชียงใหม่,สารภี,ยางเนิ้ง,119.3,37.41
2026-02-24,เชียงใหม่,หางดง,บ้านแหวน,29.5,26.2
2026-02-24,เชียงใหม่,หางดง,หนองควาย,77.81,26.65
2026-02-24,เชียงใหม่,แม่ริม,ดอนแก้ว,70.7,36.85
2026-02-24,เชียงใหม่,แม่ริม,ริมใต้,16.21,39.48
2026-02-25,ลำพูน,ป่าซาง,น้ำดิบ,11.99,27.25
2026-02-25,ลำพูน,ป่าซาง,มะกอก,29.24,31.12
2026-02-25,เชียงราย,พาน,ทรายขาว,83.23,35.96
2026-02-25,เชียงราย,เมือง,สุเทพ,36.22,38.83
2026-02-25,เชียงราย,แม่สาย,โป่งผา,21.59,26.15
2026-02-25,เชียงใหม่,สารภี,หนองผึ้ง,38.11,31.11
2026-02-25,เชียงใหม่,แม่ริม,ดอนแก้ว,90.32,35.56
2026-02-25,แม่ฮ่องสอน,เมือง,ศรีภูมิ,39.48,32.26
2026-02-26,ลำพูน,ลี้,ลี้,107.22,37.68
2026-02-26,ลำพูน,เมือง,สุเทพ,81.63,39.39
2026-02-26,เชียงราย,พาน,ทรายขาว,111.61,34.69
2026-02-26,เชียงราย,พาน,ม่วงคำ,51.29,29.02
2026-02-26,เชียงราย,เมือง,สุเทพ,29.52,26.36
2026-02-26,เชียงราย,แม่สาย,เวียงพางคำ,68.56,30.35
2026-02-26,เชียงใหม่,สารภี,ยางเนิ้ง,48.89,31.65
2026-02-26,เชียงใหม่,สารภี,หนองผึ้ง,97.46,36.47
2026-02-26,เชียงใหม่,หางดง,หนองควาย,77.46,33.33
2026-02-26,เชียงใหม่,เมือง,ศรีภูมิ,112.57,34.36
2026-02-26,เชียงใหม่,แม่ริม,ดอนแก้ว,18.87,29.06
2026-02-26,แม่ฮ่องสอน,เมือง,ช้างเผือก,87.45,31.17
2026-02-26,แม่ฮ่องสอน,เมือง,ศรีภูมิ,119.78,31.47
2026-02-26,แม่ฮ่องสอน,เมือง,สุเทพ,116.9,30.64
2026-02-27,ลำพูน,ป่าซาง,น้ำดิบ,59.01,33.67
2026-02-27,ลำพูน,เมือง,ศรีภูมิ,10.13,29.42
2026-02-27,เชียงราย,เมือง,ช้างเผือก,98.28,36.43
2026-02-27,เชียงราย,เมือง,สุเทพ,31.65,31.95
2026-02-27,เชียงราย,แม่สาย,เวียงพางคำ,98.52,39.13
2026-02-27,เชียงใหม่,เมือง,ช้างเผือก,65.4,38.2
2026-02-27,เชียงใหม่,แม่ริม,ดอนแก้ว,77.99,32.0
2026-02-27,แม่ฮ่องสอน,ปาย,แม่ฮี้,15.89,25.07
2026-02-27,แม่ฮ่องสอน,เมือง,ช้างเผือก,99.35,26.64
2026-02-27,แม่ฮ่องสอน,เมือง,ศรีภูมิ,65.44,33.74
2026-02-27,แม่ฮ่องสอน,เมือง,สุเทพ,108.98,33.37
2026-02-28,ลำพูน,ป่าซาง,มะกอก,59.58,30.92
2026-02-28,ลำพูน,ลี้,ศรีวิชัย,41.44,34.9
2026-02-28,เชียงราย,พาน,ทรายขาว,75.69,35.3
2026-02-28,เชียงราย,พาน,ม่วงคำ,89.67,36.02
2026-02-28,เชียงราย,แม่สาย,เวียงพางคำ,90.89,35.8
2026-02-28,เชียงใหม่,สารภี,หนองผึ้ง,105.03,31.86
2026-02-28,เชียงใหม่,หางดง,บ้านแหวน,51.59,32.59
2026-02-28,แม่ฮ่องสอน,เมือง,ช้างเผือก,36.02,37.44
2026-02-28,แม่ฮ่องสอน,เมือง,ศรีภูมิ,40.38,39.28
2026-02-03,ลำพูน,ลี้,ลี้,87.32,29.82
2026-02-03,ลำพูน,เมือง,ช้างเผือก,49.37,31.61
2026-02-03,เชียงราย,เมือง,ศรีภูมิ,77.99,30.78
2026-02-03,เชียงใหม่,แม่ริม,ดอนแก้ว,26.38,29.57
2026-02-03,แม่ฮ่องสอน,ปาย,เวียงใต้,68.68,33.45
2026-02-03,แม่ฮ่องสอน,ปาย,แม่ฮี้,56.48,34.46
2026-02-03,แม่ฮ่องสอน,เมือง,ช้างเผือก,30.92,32.85
2026-02-03,แม่ฮ่องสอน,เมือง,ศรีภูมิ,74.85,34.0
2026-02-04,ลำพูน,ป่าซาง,มะกอก,60.14,34.98
2026-02-04,ลำพูน,ลี้,ลี้,50.36,28.78
2026-02-04,เชียงราย,แม่สาย,เวียงพางคำ,45.71,27.0
2026-02-04,เชียงราย,แม่สาย,โป่งผา,64.7,32.04
2026-02-04,เชียงใหม่,สารภี,หนองผึ้ง,32.92,28.34
2026-02-04,เชียงใหม่,เมือง,ช้างเผือก,104.49,37.72
2026-02-04,แม่ฮ่องสอน,ปาย,แม่ฮี้,119.86,34.77
2026-02-05,ลำพูน,ป่าซาง,น้ำดิบ,99.04,39.66
2026-02-05,ลำพูน,ป่าซาง,มะกอก,45.55,37.14
2026-02-05,ลำพูน,ลี้,ลี้,45.18,32.03
2026-02-05,ลำพูน,เมือง,ช้างเผือก,76.0,35.52
2026-02-05,ลำพูน,เมือง,ศรีภูมิ,32.0,33.59
2026-02-05,ลำพูน,เมือง,สุเทพ,118.78,26.28
2026-02-05,เชียงราย,พาน,ทรายขาว,113.8,29.18
2026-02-05,เชียงราย,เมือง,สุเทพ,60.54,35.16
2026-02-05,แม่ฮ่องสอน,ปาย,แม่ฮี้,83.33,29.54
2026-02-06,ลำพูน,ป่าซาง,น้ำดิบ,70.36,36.84
2026-02-06,ลำพูน,เมือง,ศรีภูมิ,19.14,29.6
2026-02-06,ลำพูน,เมือง,สุเทพ,11.73,31.55
2026-02-06,เชียงราย,พาน,ทรายขาว,45.19,35.6
2026-02-06,เชียงราย,เมือง,ศรีภูมิ,20.54,29.12
2026-02-06,เชียงราย,เมือง,สุเทพ,72.27,31.64
2026-02-06,เชียงราย,แม่สาย,เวียงพางคำ,98.51,28.26
2026-02-06,เชียงราย,แม่สาย,โป่งผา,29.2,39.91
2026-02-06,เชียงใหม่,สารภี,ยางเนิ้ง,24.61,28.39
2026-02-06,เชียงใหม่,สารภี,หนองผึ้ง,56.19,39.54
2026-02-06,เชียงใหม่,หางดง,บ้านแหวน,11.01,34.28
2026-02-06,เชียงใหม่,หางดง,หนองควาย,20.19,35.1
2026-02-06,เชียงใหม่,เมือง,สุเทพ,116.65,25.57
2026-02-06,แม่ฮ่องสอน,เมือง,ช้างเผือก,76.41,32.83
2026-02-06,แม่ฮ่องสอน,เมือง,ศรีภูมิ,106.56,33.91
2026-02-07,ลำพูน,ป่าซาง,น้ำดิบ,39.27,25.51
2026-02-07,ลำพูน,ป่าซาง,มะกอก,46.59,25.87
2026-02-07,ลำพูน,ลี้,ลี้,22.03,27.77
2026-02-07,ลำพูน,ลี้,ศรีวิชัย,111.81,27.97
2026-02-07,ลำพูน,เมือง,สุเทพ,39.06,35.84
2026-02-07,เชียงราย,พาน,ทรายขาว,44.67,28.15
2026-02-07,เชียงราย,พาน,ม่วงคำ,77.39,33.23
2026-02-07,เชียงใหม่,สารภี,ยางเนิ้ง,92.49,31.01
2026-02-07,เชียงใหม่,หางดง,หนองควาย,25.82,35.6
2026-02-07,เชียงใหม่,เมือง,ศรีภูมิ,12.81,28.26
2026-02-07,เชียงใหม่,เมือง,สุเทพ,55.3,29.08
2026-02-07,แม่ฮ่องสอน,ปาย,เวียงใต้,35.83,30.95
2026-02-07,แม่ฮ่องสอน,ปาย,แม่ฮี้,79.05,33.28
2026-02-08,ลำพูน,ป่าซาง,มะกอก,31.71,25.2
2026-02-08,ลำพูน,เมือง,ช้างเผือก,84.81,26.42
2026-02-08,ลำพูน,เมือง,สุเทพ,119.01,30.46
2026-02-08,เชียงราย,พาน,ทรายขาว,66.04,32.76
2026-02-08,เชียงราย,เมือง,ช้างเผือก,111.41,32.13
2026-02-08,เชียงราย,เมือง,ศรีภูมิ,114.99,32.42
2026-02-08,เชียงราย,เมือง,สุเทพ,116.82,30.4
2026-02-08,เชียงราย,แม่สาย,โป่งผา,10.48,37.17
2026-02-08,เชียงใหม่,สารภี,ยางเนิ้ง,20.51,25.81
2026-02-08,เชียงใหม่,หางดง,หนองควาย,11.03,35.21
2026-02-08,แม่ฮ่องสอน,ปาย,เวียงใต้,52.13,34.98
2026-02-09,ลำพูน,ลี้,ลี้,58.18,34.46
2026-02-09,ลำพูน,ลี้,ศรีวิชัย,14.57,34.2
2026-02-09,ลำพูน,เมือง,สุเทพ,73.1,25.15
2026-02-09,เชียงราย,พาน,ทรายขาว,37.18,35.92
2026-02-09,เชียงราย,พาน,ม่วงคำ,91.01,29.82
2026-02-09,เชียงราย,เมือง,ช้างเผือก,34.15,33.75
2026-02-09,เชียงราย,แม่สาย,โป่งผา,31.56,36.29
2026-02-09,เชียงใหม่,แม่ริม,ริมใต้,45.9,29.41
2026-03-01,ลำพูน,ป่าซาง,น้ำดิบ,16.7,34.5
2026-03-01,ลำพูน,ป่าซาง,มะกอก,80.84,36.64
2026-03-01,เชียงราย,พาน,ทรายขาว,108.84,32.19
2026-03-01,เชียงราย,เมือง,ช้างเผือก,110.4,29.67
2026-03-01,เชียงราย,เมือง,ศรีภูมิ,62.98,30.65
2026-03-01,เชียงราย,เมือง,สุเทพ,74.42,33.05
2026-03-01,เชียงราย,แม่สาย,โป่งผา,60.75,25.67
2026-03-01,เชียงใหม่,สารภี,ยางเนิ้ง,35.41,34.85
2026-03-01,เชียงใหม่,หางดง,บ้านแหวน,18.56,34.54
2026-03-01,เชียงใหม่,หางดง,หนองควาย,50.56,32.44
2026-03-01,แม่ฮ่องสอน,ปาย,เวียงใต้,52.48,29.61
2026-03-10,ลำพูน,ป่าซาง,มะกอก,87.96,33.01
2026-03-10,ลำพูน,ลี้,ศรีวิชัย,30.8,35.98
2026-03-10,เชียงราย,พาน,ทรายขาว,10.31,37.72
2026-03-10,เชียงราย,พาน,ม่วงคำ,25.11,32.55
2026-03-10,เชียงราย,แม่สาย,เวียงพางคำ,68.12,32.5
2026-03-10,เชียงใหม่,แม่ริม,ริมใต้,24.33,26.34
2026-03-10,แม่ฮ่องสอน,ปาย,เวียงใต้,30.24,30.9
2026-03-10,แม่ฮ่องสอน,ปาย,แม่ฮี้,31.86,28.25
2026-03-10,แม่ฮ่องสอน,เมือง,ช้างเผือก,54.27,33.04
2026-03-10,แม่ฮ่องสอน,เมือง,ศรีภูมิ,33.75,27.86
2026-03-10,แม่ฮ่องสอน,เมือง,สุเทพ,75.54,32.92
2026-03-11,ลำพูน,ป่าซาง,มะกอก,45.93,30.63
2026-03-11,ลำพูน,ลี้,ลี้,98.64,29.11
2026-03-11,เชียงราย,พาน,ทรายขาว,57.61,35.35
2026-03-11,เชียงใหม่,สารภี,หนองผึ้ง,52.98,26.15
2026-03-11,เชียงใหม่,เมือง,สุเทพ,15.41,35.11
2026-03-11,แม่ฮ่องสอน,ปาย,เวียงใต้,66.22,33.32
2026-03-12,ลำพูน,ป่าซาง,น้ำดิบ,118.38,28.67
2026-03-12,ลำพูน,ป่าซาง,มะกอก,12.52,34.59
2026-03-12,ลำพูน,ลี้,ลี้,29.86,32.16
2026-03-12,ลำพูน,เมือง,ศรีภูมิ,17.52,35.38
2026-03-12,เชียงราย,พาน,ทรายขาว,88.36,32.77
2026-03-12,เชียงราย,เมือง,สุเทพ,86.5,28.52
2026-03-12,เชียงราย,แม่สาย,เวียงพางคำ,20.99,35.36
2026-03-12,เชียงราย,แม่สาย,โป่งผา,72.02,35.23
2026-03-12,เชียงใหม่,หางดง,หนองควาย,89.11,27.84
2026-03-12,เชียงใหม่,แม่ริม,ริมใต้,23.23,31.75
2026-03-12,แม่ฮ่องสอน,เมือง,สุเทพ,24.02,31.67
2026-03-13,ลำพูน,ป่าซาง,น้ำดิบ,112.64,38.01
2026-03-13,ลำพูน,เมือง,สุเทพ,40.12,25.26
2026-03-13,เชียงราย,พาน,ทรายขาว,73.35,30.45
2026-03-13,เชียงราย,แม่สาย,โป่งผา,75.96,31.93
2026-03-13,เชียงใหม่,หางดง,หนองควาย,107.83,29.96
2026-03-13,เชียงใหม่,แม่ริม,ดอนแก้ว,23.61,26.18
2026-03-13,แม่ฮ่องสอน,เมือง,สุเทพ,27.32,38.52
2026-03-14,ลำพูน,เมือง,ศรีภูมิ,90.7,29.68
2026-03-14,ลำพูน,เมือง,สุเทพ,25.84,37.22
2026-03-14,เชียงราย,แม่สาย,โป่งผา,33.95,31.52
2026-03-14,แม่ฮ่องสอน,เมือง,สุเทพ,68.28,36.77
2026-03-15,ลำพูน,ป่าซาง,มะกอก,69.27,25.73
2026-03-15,ลำพูน,ลี้,ศรีวิชัย,68.59,32.43
2026-03-15,เชียงราย,เมือง,ช้างเผือก,79.64,32.24
2026-03-15,เชียงราย,แม่สาย,โป่งผา,37.66,33.76
2026-03-15,เชียงใหม่,สารภี,หนองผึ้ง,115.76,29.17
2026-03-15,เชียงใหม่,เมือง,ศรีภูมิ,61.54,27.47
2026-03-15,แม่ฮ่องสอน,เมือง,ช้างเผือก,59.22,35.05
2026-03-15,แม่ฮ่องสอน,เมือง,ศรีภูมิ,82.85,25.44
2026-03-16,ลำพูน,ป่าซาง,มะกอก,55.2,30.52
2026-03-16,ลำพูน,ลี้,ลี้,75.48,37.64
2026-03-16,ลำพูน,เมือง,ช้างเผือก,50.77,35.11
2026-03-16,ลำพูน,เมือง,ศรีภูมิ,41.42,29.81
2026-03-16,เชียงใหม่,สารภี,ยางเนิ้ง,56.38,30.66
2026-03-16,เชียงใหม่,หางดง,บ้านแหวน,104.72,28.98
2026-03-16,เชียงใหม่,หางดง,หนองควาย,57.44,31.02
2026-03-16,แม่ฮ่องสอน,ปาย,เวียงใต้,93.5,26.98
2026-03-16,แม่ฮ่องสอน,ปาย,แม่ฮี้,70.22,25.05
2026-03-16,แม่ฮ่องสอน,เมือง,ศรีภูมิ,74.77,25.38
2026-03-16,แม่ฮ่องสอน,เมือง,สุเทพ,41.01,39.28
2026-03-17,ลำพูน,ลี้,ศรีวิชัย,84.38,31.39
2026-03-17,ลำพูน,เมือง,ช้างเผือก,18.28,29.17
2026-03-17,เชียงราย,พาน,ม่วงคำ,96.89,31.87
2026-03-17,เชียงใหม่,หางดง,บ้านแหวน,100.56,32.72
2026-03-17,เชียงใหม่,หางดง,หนองควาย,17.54,29.48
2026-03-17,เชียงใหม่,แม่ริม,ดอนแก้ว,54.75,25.9
2026-03-17,แม่ฮ่องสอน,เมือง,ช้างเผือก,37.87,34.47
2026-03-17,แม่ฮ่องสอน,เมือง,สุเทพ,109.36,26.29
2026-03-18,ลำพูน,ป่าซาง,มะกอก,51.05,31.66
2026-03-18,ลำพูน,ลี้,ลี้,70.53,37.49
2026-03-18,ลำพูน,เมือง,ศรีภูมิ,45.28,26.25
2026-03-18,เชียงราย,พาน,ทรายขาว,110.75,39.45
2026-03-18,เชียงใหม่,หางดง,บ้านแหวน,37.34,25.76
2026-03-18,เชียงใหม่,หางดง,หนองควาย,76.2,27.69
2026-03-18,เชียงใหม่,เมือง,ช้างเผือก,48.69,35.26
2026-03-18,เชียงใหม่,แม่ริม,ดอนแก้ว,19.46,29.2
2026-03-18,แม่ฮ่องสอน,ปาย,เวียงใต้,38.42,35.66
2026-03-18,แม่ฮ่องสอน,เมือง,สุเทพ,78.65,37.03
2026-03-19,ลำพูน,ป่าซาง,น้ำดิบ,101.83,27.57
2026-03-19,ลำพูน,เมือง,ศรีภูมิ,96.69,27.31
2026-03-19,เชียงราย,พาน,ทรายขาว,70.0,28.59
2026-03-19,เชียงราย,เมือง,ศรีภูมิ,22.28,37.47
2026-03-19,เชียงใหม่,สารภี,ยางเนิ้ง,84.31,38.0
2026-03-19,เชียงใหม่,หางดง,บ้านแหวน,109.05,34.3
2026-03-19,เชียงใหม่,เมือง,ศรีภูมิ,101.32,35.18
2026-03-19,เชียงใหม่,แม่ริม,ดอนแก้ว,82.05,26.32
2026-03-19,เชียงใหม่,แม่ริม,ริมใต้,90.24,30.28
2026-03-19,แม่ฮ่องสอน,ปาย,เวียงใต้,21.5,25.26
2026-03-19,แม่ฮ่องสอน,เมือง,ช้างเผือก,93.41,36.99
2026-03-02,ลำพูน,ลี้,ศรีวิชัย,86.6,33.34
2026-03-02,ลำพูน,เมือง,สุเทพ,65.2,26.54
2026-03-02,เชียงราย,เมือง,ช้างเผือก,53.38,25.08
2026-03-02,เชียงใหม่,สารภี,ยางเนิ้ง,80.19,28.63
2026-03-02,เชียงใหม่,สารภี,หนองผึ้ง,44.22,29.87
2026-03-02,เชียงใหม่,หางดง,บ้านแหวน,70.61,37.61
2026-03-02,เชียงใหม่,เมือง,ช้างเผือก,50.73,38.48
2026-03-02,เชียงใหม่,เมือง,ศรีภูมิ,97.92,35.46
2026-03-02,เชียงใหม่,แม่ริม,ดอนแก้ว,81.09,29.48
2026-03-02,เชียงใหม่,แม่ริม,ริมใต้,10.05,26.6
2026-03-02,แม่ฮ่องสอน,ปาย,เวียงใต้,51.05,29.5
2026-03-02,แม่ฮ่องสอน,เมือง,สุเทพ,47.0,37.24
2026-03-20,ลำพูน,ป่าซาง,น้ำดิบ,57.96,28.18
2026-03-20,เชียงราย,เมือง,สุเทพ,29.03,36.54
2026-03-20,เชียงราย,แม่สาย,เวียงพางคำ,106.73,31.71
2026-03-20,เชียงใหม่,สารภี,ยางเนิ้ง,22.92,37.59
2026-03-20,เชียงใหม่,แม่ริม,ดอนแก้ว,37.31,29.91
2026-03-20,แม่ฮ่องสอน,เมือง,ช้างเผือก,12.17,33.18
2026-03-21,ลำพูน,ลี้,ศรีวิชัย,75.58,29.4
2026-03-21,ลำพูน,เมือง,สุเทพ,14.23,36.63
2026-03-21,เชียงราย,พาน,ทรายขาว,88.04,25.31
2026-03-21,เชียงราย,เมือง,ช้างเผือก,67.44,29.72
2026-03-21,เชียงราย,เมือง,สุเทพ,35.98,30.69
2026-03-21,เชียงราย,แม่สาย,เวียงพางคำ,103.77,25.1
2026-03-21,แม่ฮ่องสอน,ปาย,เวียงใต้,86.28,33.68
2026-03-21,แม่ฮ่องสอน,เมือง,ศรีภูมิ,76.24,29.93
2026-03-22,ลำพูน,ป่าซาง,มะกอก,78.44,39.31
2026-03-22,ลำพูน,ลี้,ศรีวิชัย,66.94,30.76
2026-03-22,ลำพูน,เมือง,ช้างเผือก,112.77,29.24
2026-03-22,ลำพูน,เมือง,ศรีภูมิ,58.94,30.71
2026-03-22,เชียงราย,เมือง,ช้างเผือก,110.24,30.18
2026-03-22,เชียงใหม่,สารภี,หนองผึ้ง,98.34,32.53
2026-03-22,เชียงใหม่,แม่ริม,ริมใต้,83.82,30.02
2026-03-22,แม่ฮ่องสอน,ปาย,เวียงใต้,83.76,39.77
2026-03-22,แม่ฮ่องสอน,ปาย,แม่ฮี้,100.12,36.17
2026-03-22,แม่ฮ่องสอน,เมือง,ช้างเผือก,82.44,31.01
2026-03-22,แม่ฮ่องสอน,เมือง,ศรีภูมิ,118.46,33.32
2026-03-23,ลำพูน,ลี้,ศรีวิชัย,52.58,37.02
2026-03-23,ลำพูน,เมือง,สุเทพ,59.61,38.82
2026-03-23,เชียงราย,พาน,ทรายขาว,28.25,38.45
2026-03-23,เชียงราย,เมือง,ช้างเผือก,52.84,27.45
2026-03-23,เชียงราย,เมือง,สุเทพ,28.99,28.77
2026-03-23,เชียงใหม่,สารภี,ยางเนิ้ง,22.2,34.5
2026-03-23,เชียงใหม่,เมือง,สุเทพ,12.28,25.9
2026-03-23,เชียงใหม่,แม่ริม,ริมใต้,90.88,39.58
2026-03-23,แม่ฮ่องสอน,ปาย,แม่ฮี้,24.51,28.9
2026-03-24,ลำพูน,ลี้,ศรีวิชัย,47.48,31.02
2026-03-24,เชียงราย,เมือง,ช้างเผือก,70.13,28.42
2026-03-24,เชียงราย,เมือง,สุเทพ,86.61,29.8
2026-03-24,เชียงราย,แม่สาย,เวียงพางคำ,118.96,26.86
2026-03-24,เชียงราย,แม่สาย,โป่งผา,72.5,32.22
2026-03-24,เชียงใหม่,เมือง,ศรีภูมิ,14.8,31.57
2026-03-24,เชียงใหม่,เมือง,สุเทพ,43.75,38.18
2026-03-24,แม่ฮ่องสอน,ปาย,เวียงใต้,76.31,26.57
2026-03-24,แม่ฮ่องสอน,เมือง,ช้างเผือก,68.32,28.18
2026-03-25,ลำพูน,ลี้,ลี้,115.09,31.72
2026-03-25,เชียงราย,แม่สาย,เวียงพางคำ,76.57,32.77
2026-03-25,เชียงราย,แม่สาย,โป่งผา,98.98,34.69
2026-03-25,เชียงใหม่,หางดง,หนองควาย,84.03,35.17
2026-03-25,เชียงใหม่,เมือง,ช้างเผือก,37.04,29.67
2026-03-25,เชียงใหม่,เมือง,ศรีภูมิ,105.68,29.05
2026-03-25,เชียงใหม่,แม่ริม,ดอนแก้ว,95.19,28.71
2026-03-25,แม่ฮ่องสอน,ปาย,เวียงใต้,24.25,31.0
2026-03-25,แม่ฮ่องสอน,ปาย,แม่ฮี้,56.45,31.97
2026-03-26,ลำพูน,ป่าซาง,มะกอก,69.86,28.66
2026-03-26,เชียงราย,พาน,ม่วงคำ,35.45,33.18
2026-03-26,เชียงใหม่,สารภี,ยางเนิ้ง,46.2,33.49
2026-03-26,เชียงใหม่,หางดง,บ้านแหวน,98.99,30.53
2026-03-26,เชียงใหม่,เมือง,สุเทพ,31.29,32.23
2026-03-26,เชียงใหม่,แม่ริม,ดอนแก้ว,91.21,33.62
2026-03-26,แม่ฮ่องสอน,ปาย,เวียงใต้,75.28,27.51
2026-03-26,แม่ฮ่องสอน,เมือง,ช้างเผือก,38.85,25.56
2026-03-26,แม่ฮ่องสอน,เมือง,ศรีภูมิ,90.76,38.97
2026-03-27,ลำพูน,ลี้,ลี้,73.14,35.24
2026-03-27,ลำพูน,ลี้,ศรีวิชัย,30.18,26.13
2026-03-27,ลำพูน,เมือง,ช้างเผือก,89.98,39.39
2026-03-27,เชียงราย,พาน,ทรายขาว,32.03,38.79
2026-03-27,เชียงราย,เมือง,ช้างเผือก,77.37,39.2
2026-03-27,เชียงราย,เมือง,สุเทพ,23.39,31.66
2026-03-27,เชียงราย,แม่สาย,เวียงพางคำ,78.67,26.96
2026-03-27,เชียงใหม่,สารภี,ยางเนิ้ง,111.5,37.03
2026-03-27,เชียงใหม่,หางดง,หนองควาย,56.58,39.5
2026-03-27,เชียงใหม่,แม่ริม,ดอนแก้ว,99.81,29.16
2026-03-27,เชียงใหม่,แม่ริม,ริมใต้,115.34,26.28
2026-03-27,แม่ฮ่องสอน,ปาย,เวียงใต้,110.07,34.12
2026-03-27,แม่ฮ่องสอน,ปาย,แม่ฮี้,39.24,36.78
2026-03-27,แม่ฮ่องสอน,เมือง,สุเทพ,87.0,33.16
2026-03-28,ลำพูน,ป่าซาง,มะกอก,84.36,32.63
2026-03-28,ลำพูน,เมือง,สุเทพ,14.76,33.81
2026-03-28,เชียงราย,พาน,ม่วงคำ,63.0,35.17
2026-03-28,เชียงราย,แม่สาย,โป่งผา,70.5,32.8
2026-03-28,เชียงใหม่,สารภี,หนองผึ้ง,58.54,33.74
2026-03-28,เชียงใหม่,หางดง,บ้านแหวน,77.6,35.56
2026-03-28,เชียงใหม่,เมือง,สุเทพ,91.66,35.02
2026-03-28,แม่ฮ่องสอน,ปาย,แม่ฮี้,102.17,26.77
2026-03-28,แม่ฮ่องสอน,เมือง,ช้างเผือก,33.47,28.28
2026-03-28,แม่ฮ่องสอน,เมือง,ศรีภูมิ,47.52,25.06
2026-03-29,ลำพูน,ป่าซาง,น้ำดิบ,108.16,32.9
2026-03-29,ลำพูน,ลี้,ศรีวิชัย,45.66,28.45
2026-03-29,ลำพูน,เมือง,ศรีภูมิ,17.16,28.42
2026-03-29,เชียงราย,พาน,ทรายขาว,87.38,27.13
2026-03-29,เชียงราย,พาน,ม่วงคำ,112.95,39.11
2026-03-29,เชียงราย,เมือง,ศรีภูมิ,50.61,31.84
2026-03-29,เชียงราย,แม่สาย,โป่งผา,116.96,39.13
2026-03-29,เชียงใหม่,หางดง,บ้านแหวน,44.12,29.98
2026-03-29,เชียงใหม่,เมือง,สุเทพ,72.1,31.81
2026-03-29,เชียงใหม่,แม่ริม,ริมใต้,47.8,32.53
2026-03-29,แม่ฮ่องสอน,ปาย,เวียงใต้,58.31,35.32
2026-03-03,ลำพูน,ลี้,ศรีวิชัย,26.63,34.13
2026-03-03,ลำพูน,เมือง,สุเทพ,100.6,36.6
2026-03-03,เชียงราย,เมือง,ศรีภูมิ,52.34,29.6
2026-03-03,เชียงราย,แม่สาย,โป่งผา,55.07,27.68
2026-03-03,เชียงใหม่,สารภี,หนองผึ้ง,33.44,34.24
2026-03-03,เชียงใหม่,หางดง,บ้านแหวน,35.47,36.61
2026-03-03,เชียงใหม่,เมือง,ช้างเผือก,98.94,33.63
2026-03-03,เชียงใหม่,เมือง,สุเทพ,45.38,34.1
2026-03-03,เชียงใหม่,แม่ริม,ดอนแก้ว,89.51,31.53
2026-03-03,แม่ฮ่องสอน,ปาย,เวียงใต้,25.15,32.53
2026-03-03,แม่ฮ่องสอน,เมือง,สุเทพ,84.84,29.1
2026-03-30,ลำพูน,ป่าซาง,มะกอก,110.03,27.91
2026-03-30,ลำพูน,ลี้,ศรีวิชัย,89.27,33.76
2026-03-30,เชียงราย,พาน,ทรายขาว,33.3,30.77
2026-03-30,เชียงราย,เมือง,ศรีภูมิ,84.84,28.7
2026-03-30,เชียงราย,เมือง,สุเทพ,46.91,31.23
2026-03-30,เชียงใหม่,หางดง,บ้านแหวน,37.7,26.12
2026-03-30,เชียงใหม่,แม่ริม,ริมใต้,115.57,27.21
2026-03-30,แม่ฮ่องสอน,เมือง,ศรีภูมิ,63.2,30.34
2026-03-30,แม่ฮ่องสอน,เมือง,สุเทพ,36.36,39.71
2026-03-31,ลำพูน,ป่าซาง,มะกอก,41.1,35.87
2026-03-31,ลำพูน,เมือง,ช้างเผือก,15.9,27.05
2026-03-31,เชียงใหม่,สารภี,ยางเนิ้ง,70.76,31.08
2026-03-31,เชียงใหม่,หางดง,บ้านแหวน,73.24,37.16
2026-03-31,เชียงใหม่,เมือง,ช้างเผือก,40.07,33.52
2026-03-31,แม่ฮ่องสอน,ปาย,แม่ฮี้,54.97,28.47
2026-03-04,ลำพูน,ป่าซาง,มะกอก,81.01,35.18
2026-03-04,ลำพูน,ลี้,ลี้,108.01,33.21
2026-03-04,ลำพูน,เมือง,ช้างเผือก,93.95,27.76
2026-03-04,ลำพูน,เมือง,สุเทพ,52.26,34.69
2026-03-04,เชียงราย,พาน,ม่วงคำ,51.47,32.72
2026-03-04,เชียงใหม่,เมือง,ช้างเผือก,96.08,37.5
2026-03-04,แม่ฮ่องสอน,ปาย,เวียงใต้,83.88,30.83
2026-03-04,แม่ฮ่องสอน,ปาย,แม่ฮี้,24.55,27.69
2026-03-04,แม่ฮ่องสอน,เมือง,ศรีภูมิ,77.29,35.12
2026-03-05,ลำพูน,ป่าซาง,มะกอก,85.76,30.25
2026-03-05,เชียงราย,เมือง,ช้างเผือก,96.28,33.78
2026-03-05,เชียงราย,เมือง,ศรีภูมิ,22.64,27.92
2026-03-05,เชียงราย,เมือง,สุเทพ,86.13,29.85
2026-03-05,เชียงใหม่,สารภี,ยางเนิ้ง,59.08,34.89
2026-03-05,เชียงใหม่,สารภี,หนองผึ้ง,86.55,36.46
2026-03-05,เชียงใหม่,หางดง,หนองควาย,22.83,39.94
2026-03-05,แม่ฮ่องสอน,ปาย,แม่ฮี้,49.0,34.64
2026-03-06,ลำพูน,ลี้,ลี้,77.42,31.72
2026-03-06,ลำพูน,ลี้,ศรีวิชัย,48.7,36.07
2026-03-06,ลำพูน,เมือง,ช้างเผือก,42.82,32.87
2026-03-06,เชียงราย,พาน,ทรายขาว,110.68,36.53
2026-03-06,เชียงราย,พาน,ม่วงคำ,61.04,26.37
2026-03-06,เชียงราย,แม่สาย,เวียงพางคำ,32.39,29.32
2026-03-06,เชียงใหม่,สารภี,ยางเนิ้ง,26.51,34.73
2026-03-06,แม่ฮ่องสอน,ปาย,เวียงใต้,119.9,37.22
2026-03-06,แม่ฮ่องสอน,ปาย,แม่ฮี้,104.35,29.32
2026-03-06,แม่ฮ่องสอน,เมือง,ศรีภูมิ,61.93,25.52
2026-03-07,ลำพูน,ลี้,ลี้,102.41,25.28
2026-03-07,ลำพูน,เมือง,ช้างเผือก,73.71,25.86
2026-03-07,ลำพูน,เมือง,ศรีภูมิ,111.47,26.94
2026-03-07,ลำพูน,เมือง,สุเทพ,31.54,29.8
2026-03-07,เชียงราย,เมือง,ศรีภูมิ,52.64,36.18
2026-03-07,เชียงใหม่,สารภี,ยางเนิ้ง,26.76,33.46
2026-03-07,เชียงใหม่,หางดง,บ้านแหวน,31.55,39.12
2026-03-07,เชียงใหม่,เมือง,ศรีภูมิ,109.53,39.66
2026-03-07,เชียงใหม่,เมือง,สุเทพ,116.69,30.88
2026-03-07,แม่ฮ่องสอน,ปาย,เวียงใต้,82.35,28.02
2026-03-07,แม่ฮ่องสอน,ปาย,แม่ฮี้,75.81,39.97
2026-03-07,แม่ฮ่องสอน,เมือง,สุเทพ,36.51,39.67
2026-03-08,เชียงใหม่,สารภี,หนองผึ้ง,12.14,37.21
2026-03-08,เชียงใหม่,หางดง,บ้านแหวน,85.37,38.67
2026-03-08,เชียงใหม่,เมือง,ช้างเผือก,69.77,35.12
2026-03-08,เชียงใหม่,เมือง,ศรีภูมิ,45.22,29.34
2026-03-08,เชียงใหม่,เมือง,สุเทพ,14.81,27.14
2026-03-08,แม่ฮ่องสอน,ปาย,เวียงใต้,50.21,27.04
2026-03-08,แม่ฮ่องสอน,เมือง,ช้างเผือก,89.27,33.87
2026-03-08,แม่ฮ่องสอน,เมือง,ศรีภูมิ,61.65,39.64
2026-03-09,ลำพูน,ป่าซาง,มะกอก,110.76,35.84
2026-03-09,ลำพูน,ลี้,ลี้,115.18,26.48
2026-03-09,ลำพูน,เมือง,ช้างเผือก,34.05,27.36
2026-03-09,ลำพูน,เมือง,ศรีภูมิ,63.83,26.31
2026-03-09,เชียงราย,แม่สาย,โป่งผา,100.36,28.27
2026-03-09,เชียงใหม่,สารภี,ยางเนิ้ง,37.97,36.17
2026-03-09,เชียงใหม่,หางดง,บ้านแหวน,79.28,30.12
2026-03-09,เชียงใหม่,หางดง,หนองควาย,52.63,34.55
2026-03-09,เชียงใหม่,แม่ริม,ดอนแก้ว,36.51,30.39
2026-03-09,แม่ฮ่องสอน,เมือง,ศรีภูมิ,57.95,27.27
2026-04-01,ลำพูน,ป่าซาง,น้ำดิบ,73.6,37.64
2026-04-01,ลำพูน,ลี้,ศรีวิชัย,100.25,25.27
2026-04-01,ลำพูน,เมือง,สุเทพ,95.24,33.25
2026-04-01,เชียงราย,พาน,ม่วงคำ,108.14,25.51
2026-04-01,เชียงราย,เมือง,ช้างเผือก,105.92,37.99
2026-04-01,เชียงราย,เมือง,ศรีภูมิ,101.49,29.33
2026-04-01,เชียงราย,แม่สาย,เวียงพางคำ,78.01,33.29
2026-04-01,เชียงใหม่,สารภี,ยางเนิ้ง,71.9,26.79
2026-04-01,เชียงใหม่,หางดง,บ้านแหวน,31.47,36.17
2026-04-01,เชียงใหม่,แม่ริม,ดอนแก้ว,22.43,35.28
2026-04-01,แม่ฮ่องสอน,ปาย,เวียงใต้,55.21,26.84
2026-04-01,แม่ฮ่องสอน,เมือง,ช้างเผือก,42.83,25.89
2026-04-01,แม่ฮ่องสอน,เมือง,ศรีภูมิ,15.55,39.15
2026-04-01,แม่ฮ่องสอน,เมือง,สุเทพ,79.65,30.68
2026-04-10,ลำพูน,ป่าซาง,มะกอก,51.09,33.82
2026-04-10,ลำพูน,ลี้,ศรีวิชัย,72.46,28.55
2026-04-10,ลำพูน,เมือง,ศรีภูมิ,65.96,27.02
2026-04-10,เชียงราย,พาน,ทรายขาว,75.75,26.85
2026-04-10,เชียงราย,พาน,ม่วงคำ,41.27,29.51
2026-04-10,เชียงราย,แม่สาย,โป่งผา,41.68,28.48
2026-04-10,เชียงใหม่,สารภี,หนองผึ้ง,56.13,33.75
2026-04-10,เชียงใหม่,หางดง,บ้านแหวน,49.91,30.8
2026-04-10,เชียงใหม่,หางดง,หนองควาย,82.0,37.93
2026-04-10,แม่ฮ่องสอน,ปาย,แม่ฮี้,77.1,37.96
2026-04-11,ลำพูน,ป่าซาง,น้ำดิบ,106.47,39.09
2026-04-11,ลำพูน,ลี้,ศรีวิชัย,53.98,28.63
2026-04-11,เชียงราย,พาน,ทรายขาว,93.94,32.78
2026-04-11,เชียงราย,เมือง,ช้างเผือก,88.01,33.34
2026-04-11,เชียงราย,เมือง,ศรีภูมิ,55.04,33.19
2026-04-11,เชียงราย,แม่สาย,โป่งผา,76.93,36.49
2026-04-11,เชียงใหม่,หางดง,บ้านแหวน,26.13,30.1
2026-04-11,เชียงใหม่,แม่ริม,ดอนแก้ว,77.4,34.58
2026-04-11,แม่ฮ่องสอน,ปาย,แม่ฮี้,76.24,28.14
2026-04-11,แม่ฮ่องสอน,เมือง,ช้างเผือก,61.49,31.24
2026-04-11,แม่ฮ่องสอน,เมือง,สุเทพ,39.6,26.27
2026-04-12,ลำพูน,ป่าซาง,น้ำดิบ,66.13,29.6
2026-04-12,ลำพูน,ลี้,ลี้,51.47,27.13
2026-04-12,เชียงราย,เมือง,ศรีภูมิ,80.03,35.81
2026-04-12,เชียงราย,เมือง,สุเทพ,94.5,25.85
2026-04-12,เชียงใหม่,สารภี,หนองผึ้ง,12.58,25.72
2026-04-12,แม่ฮ่องสอน,ปาย,เวียงใต้,61.31,37.66
2026-04-12,แม่ฮ่องสอน,ปาย,แม่ฮี้,41.16,34.46
2026-04-12,แม่ฮ่องสอน,เมือง,ช้างเผือก,86.8,29.4
2026-04-12,แม่ฮ่องสอน,เมือง,ศรีภูมิ,56.3,29.54
2026-04-13,ลำพูน,ป่าซาง,น้ำดิบ,116.98,32.28
2026-04-13,ลำพูน,ป่าซาง,มะกอก,62.66,28.75
2026-04-13,ลำพูน,ลี้,ศรีวิชัย,65.99,39.06
2026-04-13,ลำพูน,เมือง,ศรีภูมิ,119.65,29.67
2026-04-13,เชียงราย,พาน,ม่วงคำ,28.83,30.69
2026-04-13,เชียงราย,เมือง,ช้างเผือก,65.93,34.46
2026-04-13,เชียงราย,เมือง,ศรีภูมิ,20.13,32.22
2026-04-13,เชียงราย,แม่สาย,เวียงพางคำ,117.05,34.22
2026-04-13,เชียงราย,แม่สาย,โป่งผา,42.28,37.29
2026-04-13,เชียงใหม่,หางดง,บ้านแหวน,71.64,33.22
2026-04-13,เชียงใหม่,เมือง,ศรีภูมิ,56.15,34.32
2026-04-13,แม่ฮ่องสอน,เมือง,ศรีภูมิ,79.74,37.05
2026-04-13,แม่ฮ่องสอน,เมือง,สุเทพ,29.51,35.72
2026-04-14,ลำพูน,ป่าซาง,น้ำดิบ,86.12,38.85
2026-04-14,ลำพูน,เมือง,ศรีภูมิ,84.14,26.96
2026-04-14,เชียงราย,พาน,ม่วงคำ,43.03,28.44
2026-04-14,เชียงราย,เมือง,ช้างเผือก,101.87,35.92
2026-04-14,เชียงราย,เมือง,ศรีภูมิ,86.73,31.62
2026-04-14,เชียงใหม่,เมือง,ศรีภูมิ,117.74,33.94
2026-04-14,แม่ฮ่องสอน,ปาย,เวียงใต้,62.76,35.41
2026-04-14,แม่ฮ่องสอน,ปาย,แม่ฮี้,66.03,32.31
2026-04-14,แม่ฮ่องสอน,เมือง,ช้างเผือก,113.81,33.72
2026-04-14,แม่ฮ่องสอน,เมือง,ศรีภูมิ,78.86,32.62
2026-04-14,แม่ฮ่องสอน,เมือง,สุเทพ,114.74,27.04
2026-04-15,ลำพูน,ป่าซาง,มะกอก,64.79,29.26
2026-04-15,ลำพูน,เมือง,ศรีภูมิ,98.58,30.33
2026-04-15,เชียงราย,เมือง,ศรีภูมิ,52.8,27.32
2026-04-15,เชียงใหม่,สารภี,หนองผึ้ง,37.41,37.6
2026-04-15,แม่ฮ่องสอน,ปาย,เวียงใต้,95.11,34.56
2026-04-15,แม่ฮ่องสอน,เมือง,ศรีภูมิ,54.37,27.0
2026-04-15,แม่ฮ่องสอน,เมือง,สุเทพ,108.36,38.97
2026-04-16,ลำพูน,ป่าซาง,น้ำดิบ,59.94,36.82
2026-04-16,ลำพูน,เมือง,สุเทพ,34.37,36.79
2026-04-16,เชียงราย,พาน,ม่วงคำ,76.37,28.41
2026-04-16,เชียงราย,เมือง,สุเทพ,22.4,26.78
2026-04-16,เชียงใหม่,สารภี,ยางเนิ้ง,19.66,26.27
2026-04-16,เชียงใหม่,แม่ริม,ริมใต้,56.33,39.97
2026-04-16,แม่ฮ่องสอน,ปาย,เวียงใต้,116.63,35.11
2026-04-16,แม่ฮ่องสอน,เมือง,ศรีภูมิ,64.6,29.52
2026-04-17,ลำพูน,ป่าซาง,มะกอก,46.82,32.44
2026-04-17,ลำพูน,เมือง,สุเทพ,21.75,30.42
2026-04-17,เชียงราย,พาน,ม่วงคำ,71.76,34.88
2026-04-17,เชียงราย,เมือง,ศรีภูมิ,16.69,28.86
2026-04-17,เชียงราย,เมือง,สุเทพ,85.27,39.64
2026-04-17,เชียงใหม่,เมือง,ช้างเผือก,18.62,25.58
2026-04-17,เชียงใหม่,แม่ริม,ดอนแก้ว,48.7,28.33
2026-04-17,เชียงใหม่,แม่ริม,ริมใต้,91.82,36.39
2026-04-17,แม่ฮ่องสอน,ปาย,แม่ฮี้,95.0,34.78
2026-04-18,ลำพูน,ป่าซาง,มะกอก,72.41,26.97
2026-04-18,ลำพูน,เมือง,ช้างเผือก,28.36,32.94
2026-04-18,เชียงราย,พาน,ทรายขาว,69.22,39.63
2026-04-18,เชียงราย,พาน,ม่วงคำ,64.57,31.51
2026-04-18,เชียงราย,เมือง,สุเทพ,72.76,27.15
2026-04-18,เชียงราย,แม่สาย,เวียงพางคำ,58.19,37.92
2026-04-18,เชียงราย,แม่สาย,โป่งผา,94.22,37.36
2026-04-18,เชียงใหม่,สารภี,ยางเนิ้ง,49.48,33.13
2026-04-18,เชียงใหม่,เมือง,ศรีภูมิ,58.31,25.16
2026-04-18,แม่ฮ่องสอน,ปาย,เวียงใต้,108.74,37.39
2026-04-18,แม่ฮ่องสอน,ปาย,แม่ฮี้,57.86,33.19
2026-04-18,แม่ฮ่องสอน,เมือง,สุเทพ,10.8,26.34
2026-04-19,ลำพูน,ป่าซาง,มะกอก,41.48,30.28
2026-04-19,เชียงราย,เมือง,ช้างเผือก,64.9,26.19
2026-04-19,เชียงราย,เมือง,สุเทพ,30.36,33.28
2026-04-19,แม่ฮ่องสอน,ปาย,เวียงใต้,106.93,29.79
2026-04-19,แม่ฮ่องสอน,ปาย,แม่ฮี้,16.17,32.5
2026-04-02,ลำพูน,ลี้,ลี้,113.68,36.97
2026-04-02,ลำพูน,เมือง,สุเทพ,35.38,34.2
2026-04-02,เชียงราย,เมือง,ศรีภูมิ,73.62,31.7
2026-04-02,เชียงราย,แม่สาย,เวียงพางคำ,66.34,35.11
2026-04-02,เชียงใหม่,สารภี,ยางเนิ้ง,37.19,27.85
2026-04-02,เชียงใหม่,หางดง,บ้านแหวน,114.15,31.81
2026-04-02,เชียงใหม่,หางดง,หนองควาย,110.27,35.07
2026-04-02,แม่ฮ่องสอน,ปาย,เวียงใต้,50.38,37.17
2026-04-02,แม่ฮ่องสอน,เมือง,ช้างเผือก,32.24,35.74
2026-04-02,แม่ฮ่องสอน,เมือง,ศรีภูมิ,39.47,37.79
2026-04-20,ลำพูน,ลี้,ศรีวิชัย,92.49,38.04
2026-04-20,เชียงราย,พาน,ม่วงคำ,39.26,30.67
2026-04-20,เชียงราย,เมือง,ศรีภูมิ,108.46,32.13
2026-04-20,เชียงราย,แม่สาย,เวียงพางคำ,84.7,36.45
2026-04-20,เชียงราย,แม่สาย,โป่งผา,58.69,39.7
2026-04-20,เชียงใหม่,สารภี,ยางเนิ้ง,25.14,25.37
2026-04-20,เชียงใหม่,หางดง,บ้านแหวน,98.38,30.32
2026-04-20,เชียงใหม่,เมือง,ศรีภูมิ,42.78,39.74
2026-04-20,เชียงใหม่,แม่ริม,ดอนแก้ว,73.72,26.84
2026-04-20,แม่ฮ่องสอน,ปาย,เวียงใต้,112.54,37.83
2026-04-20,แม่ฮ่องสอน,ปาย,แม่ฮี้,42.86,34.47
2026-04-21,ลำพูน,ป่าซาง,น้ำดิบ,49.98,31.63
2026-04-21,ลำพูน,ลี้,ลี้,72.16,31.61
2026-04-21,ลำพูน,เมือง,ช้างเผือก,41.26,31.61
2026-04-21,แม่ฮ่องสอน,ปาย,เวียงใต้,41.17,38.0
2026-04-21,แม่ฮ่องสอน,ปาย,แม่ฮี้,56.86,36.52
2026-04-21,แม่ฮ่องสอน,เมือง,ช้างเผือก,95.54,33.5
2026-04-21,แม่ฮ่องสอน,เมือง,ศรีภูมิ,20.72,26.61
2026-04-22,ลำพูน,ลี้,ลี้,43.99,26.89
2026-04-22,ลำพูน,ลี้,ศรีวิชัย,18.06,35.84
2026-04-22,เชียงราย,พาน,ทรายขาว,111.83,33.36
2026-04-22,เชียงราย,เมือง,สุเทพ,36.42,39.01
2026-04-22,เชียงราย,แม่สาย,เวียงพางคำ,50.05,29.22
2026-04-22,เชียงราย,แม่สาย,โป่งผา,75.5,32.2
2026-04-22,เชียงใหม่,สารภี,หนองผึ้ง,40.26,38.31
2026-04-22,เชียงใหม่,เมือง,สุเทพ,42.64,27.13
2026-04-22,แม่ฮ่องสอน,ปาย,เวียงใต้,42.32,32.8
2026-04-22,แม่ฮ่องสอน,ปาย,แม่ฮี้,54.26,31.94
2026-04-22,แม่ฮ่องสอน,เมือง,สุเทพ,48.69,27.65
2026-04-23,ลำพูน,ป่าซาง,น้ำดิบ,117.37,32.21
2026-04-23,ลำพูน,ลี้,ลี้,85.04,27.69
2026-04-23,ลำพูน,ลี้,ศรีวิชัย,53.27,30.28
2026-04-23,ลำพูน,เมือง,ช้างเผือก,36.08,38.37
2026-04-23,ลำพูน,เมือง,ศรีภูมิ,83.04,31.84
2026-04-23,เชียงราย,แม่สาย,โป่งผา,43.61,33.42
2026-04-23,แม่ฮ่องสอน,ปาย,แม่ฮี้,11.72,35.2
2026-04-23,แม่ฮ่องสอน,เมือง,ศรีภูมิ,110.41,26.49
2026-04-23,แม่ฮ่องสอน,เมือง,สุเทพ,51.5,30.33
2026-04-24,ลำพูน,ป่าซาง,น้ำดิบ,115.85,37.52
2026-04-24,ลำพูน,เมือง,ศรีภูมิ,101.46,33.27
2026-04-24,เชียงราย,เมือง,ศรีภูมิ,31.36,30.27
2026-04-24,เชียงราย,เมือง,สุเทพ,12.43,26.88
2026-04-24,เชียงราย,แม่สาย,เวียงพางคำ,72.93,27.43
2026-04-24,เชียงใหม่,หางดง,บ้านแหวน,56.85,38.98
2026-04-24,เชียงใหม่,เมือง,สุเทพ,58.92,37.24
2026-04-24,เชียงใหม่,แม่ริม,ริมใต้,114.06,28.34
2026-04-24,แม่ฮ่องสอน,ปาย,เวียงใต้,49.06,36.13
2026-04-24,แม่ฮ่องสอน,ปาย,แม่ฮี้,76.09,30.85
2026-04-24,แม่ฮ่องสอน,เมือง,ศรีภูมิ,116.69,28.17
2026-04-25,ลำพูน,ป่าซาง,น้ำดิบ,104.92,35.49
2026-04-25,ลำพูน,ป่าซาง,มะกอก,97.35,34.29
2026-04-25,ลำพูน,เมือง,ช้างเผือก,49.87,29.81
2026-04-25,เชียงราย,เมือง,สุเทพ,13.43,37.64
2026-04-25,เชียงราย,แม่สาย,โป่งผา,27.34,35.45
2026-04-25,เชียงใหม่,เมือง,สุเทพ,43.3,36.18
2026-04-25,แม่ฮ่องสอน,ปาย,เวียงใต้,19.78,37.08
2026-04-25,แม่ฮ่องสอน,ปาย,แม่ฮี้,30.88,27.54
2026-04-25,แม่ฮ่องสอน,เมือง,ช้างเผือก,65.06,30.21
2026-04-25,แม่ฮ่องสอน,เมือง,ศรีภูมิ,45.81,29.72
2026-04-26,ลำพูน,ป่าซาง,มะกอก,17.37,29.95
2026-04-26,ลำพูน,เมือง,ช้างเผือก,72.73,34.13
2026-04-26,เชียงราย,เมือง,ศรีภูมิ,54.14,36.29
2026-04-26,เชียงราย,แม่สาย,เวียงพางคำ,87.74,38.37
2026-04-26,เชียงราย,แม่สาย,โป่งผา,118.61,36.98
2026-04-26,เชียงใหม่,หางดง,บ้านแหวน,48.59,25.33
2026-04-26,เชียงใหม่,เมือง,ช้างเผือก,100.68,34.44
2026-04-26,เชียงใหม่,เมือง,สุเทพ,110.59,30.68
2026-04-26,เชียงใหม่,แม่ริม,ริมใต้,110.58,34.11
2026-04-26,แม่ฮ่องสอน,ปาย,แม่ฮี้,24.43,26.5
2026-04-26,แม่ฮ่องสอน,เมือง,ช้างเผือก,64.18,34.15
2026-04-26,แม่ฮ่องสอน,เมือง,ศรีภูมิ,37.45,38.15
2026-04-27,ลำพูน,ป่าซาง,น้ำดิบ,25.36,36.76
2026-04-27,ลำพูน,เมือง,ช้างเผือก,100.72,32.77
2026-04-27,เชียงราย,พาน,ม่วงคำ,30.56,37.22
2026-04-27,เชียงราย,แม่สาย,เวียงพางคำ,98.77,34.95
2026-04-27,เชียงใหม่,หางดง,หนองควาย,36.6,27.03
2026-04-27,เชียงใหม่,เมือง,ศรีภูมิ,22.24,34.85
2026-04-27,เชียงใหม่,แม่ริม,ดอนแก้ว,12.79,38.69
2026-04-27,แม่ฮ่องสอน,ปาย,เวียงใต้,53.93,31.42
2026-04-27,แม่ฮ่องสอน,ปาย,แม่ฮี้,113.7,27.99
2026-04-27,แม่ฮ่องสอน,เมือง,ศรีภูมิ,77.89,28.0
2026-04-27,แม่ฮ่องสอน,เมือง,สุเทพ,61.71,31.33
2026-04-28,ลำพูน,ป่าซาง,น้ำดิบ,93.36,35.66
2026-04-28,ลำพูน,ลี้,ลี้,103.22,36.37
2026-04-28,ลำพูน,ลี้,ศรีวิชัย,52.29,35.16
2026-04-28,ลำพูน,เมือง,ช้างเผือก,38.09,29.58
2026-04-28,เชียงราย,เมือง,ช้างเผือก,31.04,28.34
2026-04-28,เชียงราย,แม่สาย,เวียงพางคำ,96.22,37.68
2026-04-28,เชียงใหม่,สารภี,ยางเนิ้ง,115.5,34.9
2026-04-28,เชียงใหม่,หางดง,บ้านแหวน,39.31,39.88
2026-04-28,เชียงใหม่,แม่ริม,ดอนแก้ว,114.3,29.12
2026-04-28,เชียงใหม่,แม่ริม,ริมใต้,76.28,32.65
2026-04-28,แม่ฮ่องสอน,เมือง,สุเทพ,41.15,29.42
2026-04-29,ลำพูน,ป่าซาง,น้ำดิบ,62.41,31.43
2026-04-29,ลำพูน,ลี้,ลี้,88.9,32.44
2026-04-29,ลำพูน,เมือง,ช้างเผือก,55.82,31.9
2026-04-29,ลำพูน,เมือง,ศรีภูมิ,34.97,32.5
2026-04-29,ลำพูน,เมือง,สุเทพ,63.47,35.35
2026-04-29,เชียงราย,แม่สาย,เวียงพางคำ,98.85,33.57
2026-04-29,เชียงใหม่,สารภี,ยางเนิ้ง,117.99,33.46
2026-04-29,เชียงใหม่,เมือง,ศรีภูมิ,60.58,37.35
2026-04-03,ลำพูน,ป่าซาง,มะกอก,16.31,28.44
2026-04-03,ลำพูน,ลี้,ศรีวิชัย,28.67,32.84
2026-04-03,ลำพูน,เมือง,ช้างเผือก,61.85,39.5
2026-04-03,ลำพูน,เมือง,ศรีภูมิ,99.15,36.87
2026-04-03,เชียงราย,พาน,ทรายขาว,105.07,32.66
2026-04-03,เชียงราย,พาน,ม่วงคำ,93.24,27.97
2026-04-03,เชียงราย,แม่สาย,โป่งผา,19.74,32.47
2026-04-03,เชียงใหม่,สารภี,ยางเนิ้ง,18.93,25.06
2026-04-03,เชียงใหม่,หางดง,บ้านแหวน,115.77,31.92
2026-04-03,เชียงใหม่,เมือง,ช้างเผือก,106.55,33.07
2026-04-03,แม่ฮ่องสอน,ปาย,เวียงใต้,117.13,32.94
2026-04-03,แม่ฮ่องสอน,เมือง,ช้างเผือก,81.43,37.32
2026-04-30,ลำพูน,ป่าซาง,น้ำดิบ,66.57,29.71
2026-04-30,ลำพูน,ลี้,ศรีวิชัย,69.53,37.79
2026-04-30,เชียงราย,เมือง,ศรีภูมิ,64.22,31.82
2026-04-30,เชียงราย,แม่สาย,โป่งผา,98.3,35.13
2026-04-30,เชียงใหม่,สารภี,ยางเนิ้ง,40.96,34.21
2026-04-30,เชียงใหม่,แม่ริม,ริมใต้,35.23,26.33
2026-04-30,แม่ฮ่องสอน,ปาย,เวียงใต้,26.94,36.18
2026-04-30,แม่ฮ่องสอน,เมือง,ศรีภูมิ,53.94,31.23
2026-04-04,ลำพูน,ป่าซาง,น้ำดิบ,81.26,29.69
2026-04-04,ลำพูน,ป่าซาง,มะกอก,74.13,33.32
2026-04-04,ลำพูน,ลี้,ลี้,52.47,32.37
2026-04-04,ลำพูน,ลี้,ศรีวิชัย,92.8,37.1
2026-04-04,เชียงราย,พาน,ทรายขาว,21.52,36.08
2026-04-04,เชียงราย,เมือง,ช้างเผือก,110.79,31.94
2026-04-04,เชียงใหม่,เมือง,สุเทพ,100.6,34.67
2026-04-04,เชียงใหม่,แม่ริม,ริมใต้,23.84,31.4
2026-04-04,แม่ฮ่องสอน,ปาย,เวียงใต้,61.63,34.77
2026-04-04,แม่ฮ่องสอน,ปาย,แม่ฮี้,92.0,36.87
2026-04-04,แม่ฮ่องสอน,เมือง,สุเทพ,18.18,28.97
2026-04-05,เชียงราย,พาน,ม่วงคำ,62.27,30.07
2026-04-05,เชียงราย,แม่สาย,โป่งผา,17.02,27.84
2026-04-05,เชียงใหม่,หางดง,หนองควาย,103.57,28.17
2026-04-05,แม่ฮ่องสอน,ปาย,แม่ฮี้,42.64,33.0
2026-04-05,แม่ฮ่องสอน,เมือง,ศรีภูมิ,63.64,36.11
2026-04-06,ลำพูน,ป่าซาง,น้ำดิบ,58.91,25.57
2026-04-06,ลำพูน,ลี้,ลี้,28.59,25.56
2026-04-06,ลำพูน,เมือง,ช้างเผือก,92.55,30.05
2026-04-06,ลำพูน,เมือง,ศรีภูมิ,21.06,33.64
2026-04-06,ลำพูน,เมือง,สุเทพ,88.07,30.84
2026-04-06,เชียงราย,พาน,ทรายขาว,58.18,37.36
2026-04-06,เชียงราย,เมือง,ช้างเผือก,104.82,33.39
2026-04-06,เชียงใหม่,เมือง,ช้างเผือก,71.74,33.7
2026-04-06,เชียงใหม่,แม่ริม,ดอนแก้ว,28.98,38.78
2026-04-06,แม่ฮ่องสอน,ปาย,แม่ฮี้,23.78,37.93
2026-04-06,แม่ฮ่องสอน,เมือง,ศรีภูมิ,104.02,38.59
2026-04-07,ลำพูน,ป่าซาง,มะกอก,103.07,33.01
2026-04-07,ลำพูน,ลี้,ศรีวิชัย,11.33,33.44
2026-04-07,ลำพูน,เมือง,ช้างเผือก,31.67,36.04
2026-04-07,ลำพูน,เมือง,ศรีภูมิ,51.48,30.66
2026-04-07,ลำพูน,เมือง,สุเทพ,10.35,37.91
2026-04-07,เชียงใหม่,หางดง,หนองควาย,58.44,31.11
2026-04-07,เชียงใหม่,แม่ริม,ดอนแก้ว,67.57,29.26
2026-04-07,แม่ฮ่องสอน,ปาย,แม่ฮี้,58.11,38.67
2026-04-07,แม่ฮ่องสอน,เมือง,ช้างเผือก,57.22,26.87
2026-04-08,ลำพูน,ลี้,ลี้,35.84,35.14
2026-04-08,ลำพูน,ลี้,ศรีวิชัย,83.34,36.88
2026-04-08,ลำพูน,เมือง,ช้างเผือก,57.42,33.12
2026-04-08,เชียงราย,พาน,ทรายขาว,82.33,34.71
2026-04-08,เชียงราย,แม่สาย,เวียงพางคำ,18.47,37.47
2026-04-08,เชียงใหม่,หางดง,บ้านแหวน,56.38,27.43
2026-04-08,เชียงใหม่,หางดง,หนองควาย,92.25,27.07
2026-04-08,แม่ฮ่องสอน,ปาย,เวียงใต้,52.76,39.96
2026-04-08,แม่ฮ่องสอน,เมือง,สุเทพ,15.16,27.58
2026-04-09,ลำพูน,ป่าซาง,มะกอก,62.22,30.82
2026-04-09,ลำพูน,ลี้,ศรีวิชัย,106.07,35.44
2026-04-09,ลำพูน,เมือง,ช้างเผือก,32.35,35.98
2026-04-09,เชียงราย,พาน,ทรายขาว,26.64,34.54
2026-04-09,เชียงราย,เมือง,ศรีภูมิ,103.85,30.99
2026-04-09,เชียงราย,แม่สาย,เวียงพางคำ,52.08,27.84
2026-04-09,เชียงราย,แม่สาย,โป่งผา,93.12,25.52
2026-04-09,เชียงใหม่,สารภี,ยางเนิ้ง,57.01,37.48
2026-04-09,เชียงใหม่,หางดง,บ้านแหวน,35.03,30.2
2026-04-09,เชียงใหม่,เมือง,ช้างเผือก,28.04,32.08
2026-04-09,แม่ฮ่องสอน,ปาย,เวียงใต้,59.18,39.79
2026-04-09,แม่ฮ่องสอน,เมือง,ศรีภูมิ,43.46,36.47
2026-05-01,ลำพูน,ลี้,ลี้,57.14,30.1
2026-05-01,ลำพูน,เมือง,ช้างเผือก,106.87,34.54
2026-05-01,เชียงราย,พาน,ทรายขาว,58.01,38.34
2026-05-01,เชียงราย,พาน,ม่วงคำ,75.94,33.89
2026-05-01,เชียงราย,เมือง,ศรีภูมิ,81.03,27.12
2026-05-01,เชียงราย,แม่สาย,เวียงพางคำ,87.39,38.72
2026-05-01,เชียงใหม่,หางดง,หนองควาย,48.82,31.74
2026-05-01,แม่ฮ่องสอน,ปาย,แม่ฮี้,83.04,36.63
2026-05-10,ลำพูน,ป่าซาง,น้ำดิบ,61.97,36.47
2026-05-10,ลำพูน,ป่าซาง,มะกอก,12.97,25.41
2026-05-10,ลำพูน,ลี้,ลี้,119.54,25.35
2026-05-10,เชียงราย,พาน,ม่วงคำ,113.87,31.05
2026-05-10,เชียงราย,เมือง,ช้างเผือก,37.58,27.02
2026-05-10,เชียงราย,แม่สาย,เวียงพางคำ,91.47,27.48
2026-05-10,เชียงราย,แม่สาย,โป่งผา,58.55,27.95
2026-05-10,เชียงใหม่,สารภี,หนองผึ้ง,12.3,25.03
2026-05-10,แม่ฮ่องสอน,เมือง,ช้างเผือก,92.98,32.74
2026-05-11,ลำพูน,ป่าซาง,น้ำดิบ,10.07,30.86
2026-05-11,เชียงราย,พาน,ม่วงคำ,82.47,31.39
2026-05-11,เชียงใหม่,สารภี,หนองผึ้ง,43.15,32.99
2026-05-11,เชียงใหม่,หางดง,หนองควาย,51.1,25.24
2026-05-11,เชียงใหม่,เมือง,ช้างเผือก,111.5,29.92
2026-05-11,เชียงใหม่,แม่ริม,ริมใต้,93.93,34.44
2026-05-11,แม่ฮ่องสอน,ปาย,แม่ฮี้,29.26,31.79
2026-05-12,ลำพูน,ลี้,ลี้,59.68,32.2
2026-05-12,ลำพูน,เมือง,ช้างเผือก,43.39,28.42
2026-05-12,ลำพูน,เมือง,ศรีภูมิ,23.91,32.33
2026-05-12,เชียงราย,พาน,ม่วงคำ,51.64,26.17
2026-05-12,เชียงราย,แม่สาย,โป่งผา,28.45,28.83
2026-05-12,เชียงใหม่,สารภี,ยางเนิ้ง,62.13,38.67
2026-05-12,เชียงใหม่,เมือง,สุเทพ,52.24,30.56
2026-05-12,เชียงใหม่,แม่ริม,ริมใต้,58.96,29.07
2026-05-12,แม่ฮ่องสอน,ปาย,แม่ฮี้,45.25,32.02
2026-05-13,ลำพูน,เมือง,สุเทพ,79.56,37.9
2026-05-13,เชียงราย,เมือง,ช้างเผือก,92.73,27.14
2026-05-13,เชียงราย,แม่สาย,เวียงพางคำ,95.0,30.52
2026-05-13,เชียงใหม่,หางดง,บ้านแหวน,59.5,31.82
2026-05-13,เชียงใหม่,แม่ริม,ดอนแก้ว,75.32,36.56
2026-05-13,แม่ฮ่องสอน,ปาย,เวียงใต้,34.72,31.82
2026-05-13,แม่ฮ่องสอน,เมือง,ช้างเผือก,70.45,34.23
2026-05-13,แม่ฮ่องสอน,เมือง,ศรีภูมิ,44.59,35.68
2026-05-14,เชียงราย,แม่สาย,เวียงพางคำ,89.23,33.6
2026-05-14,เชียงใหม่,สารภี,ยางเนิ้ง,26.73,28.52
2026-05-14,แม่ฮ่องสอน,ปาย,เวียงใต้,97.67,31.54
2026-05-14,แม่ฮ่องสอน,ปาย,แม่ฮี้,30.48,35.75
2026-05-14,แม่ฮ่องสอน,เมือง,ช้างเผือก,77.09,36.54
2026-05-15,ลำพูน,ลี้,ศรีวิชัย,51.01,39.66
2026-05-15,ลำพูน,เมือง,ศรีภูมิ,18.79,29.43
2026-05-15,เชียงราย,พาน,ทรายขาว,108.62,30.84
2026-05-15,เชียงราย,เมือง,ศรีภูมิ,46.89,37.7
2026-05-15,เชียงราย,เมือง,สุเทพ,59.32,34.99
2026-05-15,เชียงราย,แม่สาย,เวียงพางคำ,49.63,38.36
2026-05-15,เชียงใหม่,สารภี,หนองผึ้ง,117.97,29.71
2026-05-15,เชียงใหม่,หางดง,บ้านแหวน,81.82,32.73
2026-05-15,แม่ฮ่องสอน,ปาย,แม่ฮี้,88.47,26.82
2026-05-15,แม่ฮ่องสอน,เมือง,ศรีภูมิ,45.63,29.03
2026-05-16,ลำพูน,ป่าซาง,มะกอก,86.64,32.0
2026-05-16,ลำพูน,ลี้,ลี้,20.91,27.08
2026-05-16,ลำพูน,ลี้,ศรีวิชัย,77.46,34.11
2026-05-16,ลำพูน,เมือง,ศรีภูมิ,75.41,25.9
2026-05-16,เชียงใหม่,เมือง,ช้างเผือก,37.79,34.87
2026-05-16,เชียงใหม่,แม่ริม,ดอนแก้ว,115.72,32.48
2026-05-16,แม่ฮ่องสอน,ปาย,เวียงใต้,109.54,32.08
2026-05-17,ลำพูน,ป่าซาง,น้ำดิบ,91.11,36.66
2026-05-17,ลำพูน,เมือง,ศรีภูมิ,29.9,26.48
2026-05-17,เชียงราย,พาน,ม่วงคำ,118.14,28.09
2026-05-17,เชียงใหม่,หางดง,บ้านแหวน,14.87,36.32
2026-05-17,เชียงใหม่,เมือง,ช้างเผือก,21.82,37.36
2026-05-17,เชียงใหม่,เมือง,สุเทพ,95.99,28.74
2026-05-17,แม่ฮ่องสอน,ปาย,แม่ฮี้,73.72,36.65
2026-05-17,แม่ฮ่องสอน,เมือง,ช้างเผือก,79.03,33.98
2026-05-17,แม่ฮ่องสอน,เมือง,สุเทพ,80.4,30.26
2026-05-18,ลำพูน,ป่าซาง,น้ำดิบ,48.51,33.52
2026-05-18,ลำพูน,เมือง,ช้างเผือก,61.82,26.41
2026-05-18,เชียงราย,พาน,ทรายขาว,97.48,32.18
2026-05-18,เชียงราย,เมือง,ศรีภูมิ,11.36,28.1
2026-05-18,เชียงราย,แม่สาย,โป่งผา,50.27,29.46
2026-05-18,เชียงใหม่,สารภี,หนองผึ้ง,43.78,36.15
2026-05-18,เชียงใหม่,หางดง,บ้านแหวน,102.89,38.29
2026-05-18,เชียงใหม่,เมือง,สุเทพ,86.63,26.34
2026-05-18,เชียงใหม่,แม่ริม,ดอนแก้ว,84.66,27.18
2026-05-18,แม่ฮ่องสอน,ปาย,เวียงใต้,74.6,32.15
2026-05-18,แม่ฮ่องสอน,เมือง,ศรีภูมิ,82.83,39.24
2026-05-02,ลำพูน,ลี้,ลี้,56.68,31.24
2026-05-02,ลำพูน,ลี้,ศรีวิชัย,48.72,29.18
2026-05-02,ลำพูน,เมือง,ศรีภูมิ,110.7,37.4
2026-05-02,เชียงราย,พาน,ม่วงคำ,69.47,32.47
2026-05-02,เชียงใหม่,สารภี,หนองผึ้ง,78.24,31.4
2026-05-02,เชียงใหม่,หางดง,หนองควาย,57.9,39.95
2026-05-02,แม่ฮ่องสอน,ปาย,เวียงใต้,91.98,30.72
2026-05-03,ลำพูน,ป่าซาง,มะกอก,70.77,26.8
2026-05-03,เชียงราย,เมือง,ศรีภูมิ,23.11,35.81
2026-05-03,เชียงราย,เมือง,สุเทพ,44.05,27.78
2026-05-03,เชียงราย,แม่สาย,เวียงพางคำ,41.85,36.69
2026-05-03,เชียงราย,แม่สาย,โป่งผา,98.5,28.05
2026-05-03,เชียงใหม่,แม่ริม,ดอนแก้ว,72.1,25.51
2026-05-03,แม่ฮ่องสอน,ปาย,เวียงใต้,16.69,30.81
2026-05-03,แม่ฮ่องสอน,เมือง,ศรีภูมิ,99.55,32.41
2026-05-04,ลำพูน,ป่าซาง,มะกอก,72.18,38.61
2026-05-04,ลำพูน,ลี้,ศรีวิชัย,55.55,31.47
2026-05-04,ลำพูน,เมือง,ช้างเผือก,26.57,38.06
2026-05-04,เชียงราย,พาน,ม่วงคำ,43.91,27.78
2026-05-04,เชียงราย,เมือง,ศรีภูมิ,60.75,32.55
2026-05-04,เชียงราย,แม่สาย,เวียงพางคำ,77.11,37.11
2026-05-04,เชียงใหม่,สารภี,หนองผึ้ง,102.63,36.7
2026-05-04,เชียงใหม่,แม่ริม,ดอนแก้ว,55.5,35.89
2026-05-04,แม่ฮ่องสอน,ปาย,เวียงใต้,68.68,36.96
2026-05-04,แม่ฮ่องสอน,ปาย,แม่ฮี้,62.34,30.82
2026-05-04,แม่ฮ่องสอน,เมือง,ช้างเผือก,36.85,39.89
2026-05-04,แม่ฮ่องสอน,เมือง,ศรีภูมิ,92.88,34.63
2026-05-05,ลำพูน,ป่าซาง,น้ำดิบ,36.3,32.29
2026-05-05,ลำพูน,ป่าซาง,มะกอก,81.4,35.58
2026-05-05,ลำพูน,ลี้,ศรีวิชัย,16.0,32.42
2026-05-05,เชียงราย,พาน,ทรายขาว,54.4,32.98
2026-05-05,เชียงราย,เมือง,ศรีภูมิ,86.42,26.18
2026-05-05,เชียงราย,แม่สาย,เวียงพางคำ,39.56,25.86
2026-05-05,เชียงใหม่,สารภี,หนองผึ้ง,18.69,30.82
2026-05-05,เชียงใหม่,หางดง,บ้านแหวน,85.32,39.54
2026-05-05,เชียงใหม่,เมือง,ช้างเผือก,96.13,27.07
2026-05-05,เชียงใหม่,แม่ริม,ริมใต้,18.14,29.96
2026-05-05,แม่ฮ่องสอน,ปาย,เวียงใต้,42.74,26.11
2026-05-05,แม่ฮ่องสอน,เมือง,ช้างเผือก,59.4,33.89
2026-05-05,แม่ฮ่องสอน,เมือง,สุเทพ,17.05,37.81
2026-05-06,ลำพูน,เมือง,ช้างเผือก,112.84,29.43
2026-05-06,เชียงราย,เมือง,สุเทพ,15.08,36.53
2026-05-06,เชียงใหม่,หางดง,บ้านแหวน,50.18,33.54
2026-05-06,แม่ฮ่องสอน,เมือง,ศรีภูมิ,118.66,27.04
2026-05-06,แม่ฮ่องสอน,เมือง,สุเทพ,62.73,31.77
2026-05-07,ลำพูน,ป่าซาง,น้ำดิบ,26.93,32.11
2026-05-07,ลำพูน,ลี้,ศรีวิชัย,114.56,35.97
2026-05-07,ลำพูน,เมือง,ช้างเผือก,46.52,29.15
2026-05-07,เชียงราย,เมือง,ช้างเผือก,111.42,25.87
2026-05-07,เชียงราย,เมือง,สุเทพ,90.1,31.31
2026-05-07,เชียงใหม่,สารภี,ยางเนิ้ง,68.02,36.92
2026-05-07,เชียงใหม่,สารภี,หนองผึ้ง,33.47,34.57
2026-05-07,เชียงใหม่,หางดง,บ้านแหวน,117.21,26.99
2026-05-07,เชียงใหม่,เมือง,ศรีภูมิ,71.09,28.49
2026-05-07,แม่ฮ่องสอน,เมือง,ศรีภูมิ,107.7,28.04
2026-05-08,ลำพูน,ป่าซาง,มะกอก,34.24,30.43
2026-05-08,ลำพูน,ลี้,ศรีวิชัย,52.94,29.98
2026-05-08,ลำพูน,เมือง,ศรีภูมิ,97.23,26.03
2026-05-08,เชียงราย,พาน,ม่วงคำ,110.55,28.86
2026-05-08,เชียงราย,แม่สาย,โป่งผา,21.77,34.38
2026-05-08,เชียงใหม่,หางดง,หนองควาย,88.69,28.74
2026-05-08,แม่ฮ่องสอน,ปาย,แม่ฮี้,57.22,37.11
2026-05-08,แม่ฮ่องสอน,เมือง,ช้างเผือก,21.57,31.76
2026-05-09,ลำพูน,ป่าซาง,มะกอก,10.12,28.39
2026-05-09,ลำพูน,ลี้,ลี้,46.22,36.51
2026-05-09,เชียงราย,พาน,ม่วงคำ,50.6,33.51
2026-05-09,เชียงราย,แม่สาย,โป่งผา,70.27,34.47
2026-05-09,เชียงใหม่,เมือง,สุเทพ,54.18,30.9
2026-05-09,เชียงใหม่,แม่ริม,ดอนแก้ว,91.72,26.42
2026-05-09,เชียงใหม่,แม่ริม,ริมใต้,75.78,31.86
2026-05-09,แม่ฮ่องสอน,ปาย,แม่ฮี้,38.2,36.32
2026-05-09,แม่ฮ่องสอน,เมือง,สุเทพ,70.31,35.91
